Brand,Model,Battery Capacity (kWh),Efficiency (Wh/km),Top Speed (km/h),Drive Type,Vehicle Weight (kg),Motor Power (kW),Acceleration 0-100 (sec),Charging Time (hours),Range (km)
BYD,Han EV (v2025),95.7,208.7,174.7,FWD,2384.7,308.6,8.3,8.4,433.2
Kia,EV6 Wind (v2024),64.8,185.0,167.2,FWD,1969.6,206.9,9.4,3.4,313.0
Chevrolet,Silverado EV WT (v2023),108.9,209.4,212.4,FWD,2498.1,455.0,6.5,6.0,458.5
BYD,Han EV (v2025),56.3,201.3,158.6,AWD,1872.5,221.5,9.7,5.7,261.9
Volvo,EX30 Twin Motor (v2022),83.9,212.6,164.1,AWD,2423.2,222.3,9.3,3.8,379.9
Porsche,Taycan Base (v2025),66.0,226.3,169.5,AWD,2273.4,228.7,9.1,1.9,277.8
BYD,Dolphin Standard (v2021),100.3,215.9,185.1,AWD,2439.6,306.1,8.8,4.7,434.7
Audi,Q4 40 e-tron (v2025),95.1,214.2,179.8,RWD,2336.4,323.6,8.4,9.0,395.5
Polestar,Polestar 4 Dual (v2024),61.2,209.9,154.6,AWD,1982.1,166.9,10.0,1.8,282.1
Nissan,Leaf e+ (v2024),71.3,194.7,167.7,FWD,1949.8,263.0,9.3,3.0,341.7
Volkswagen,ID.4 GTX (v2023),78.7,198.5,159.9,FWD,2215.2,239.0,9.2,2.8,350.4
Hyundai,Ioniq EV (v2021),89.2,221.1,186.9,RWD,2277.9,288.3,8.3,3.9,358.5
Kia,Soul EV (v2025),86.2,220.4,167.8,RWD,2241.6,207.5,9.4,3.2,344.7
BYD,Han EV (v2021),70.1,201.5,154.3,RWD,2201.4,176.5,10.2,1.9,338.4
Honda,e:Ny1 (v2021),45.4,190.3,162.9,RWD,1916.4,200.8,9.9,1.7,226.8
Tesla,Model X Plaid (v2024),72.9,205.7,186.3,RWD,2221.1,343.0,7.7,5.0,312.1
Audi,e-tron 55 (v2024),60.4,199.6,170.4,AWD,1937.7,223.2,9.5,3.3,277.5
Kia,EV9 GT-Line (v2025),103.9,226.7,186.8,RWD,2422.5,312.2,8.4,5.9,443.0
Mercedes,EQE 350+ (v2021),109.6,219.2,182.4,FWD,2508.6,311.7,8.4,4.1,467.7
Polestar,Polestar 4 Dual (v2025),62.5,192.3,166.0,FWD,1924.7,190.9,9.9,5.2,316.0
Chevrolet,Silverado EV WT (v2022),64.2,182.1,169.0,FWD,1881.4,266.5,9.0,3.7,325.0
BYD,Atto 3 (v2024),87.2,218.8,183.5,AWD,2427.1,370.5,7.8,2.9,354.7
Toyota,bZ4X AWD (v2023),78.9,207.4,165.1,FWD,2244.8,212.9,9.3,2.9,355.5
Porsche,Taycan 4S (v2024),63.3,209.2,199.3,AWD,1980.9,377.7,7.4,1.8,267.9
Honda,e (v2025),73.2,199.9,179.9,FWD,2160.1,254.4,8.6,7.2,349.9
Hyundai,Kona Electric 64kWh (v2021),108.7,217.8,172.4,FWD,2378.5,243.4,8.8,4.4,456.4
Volkswagen,ID.5 GTX (v2025),62.0,207.1,165.3,AWD,1845.9,207.7,10.1,2.0,291.5
Polestar,Polestar 3 Long Range (v2022),53.4,200.2,170.6,RWD,1941.4,218.1,9.5,3.3,251.8
Volvo,EX90 Performance (v2022),85.2,198.0,175.6,FWD,2149.5,315.9,8.8,2.7,400.0
Nissan,Ariya e-4ORCE (v2024),73.7,216.0,176.8,RWD,2090.5,233.9,9.0,5.2,325.2
Hyundai,Ioniq 6 Standard (v2021),93.1,196.4,192.0,RWD,2209.0,285.7,8.5,8.4,421.9
Rivian,R1S Dual Motor (v2021),106.8,245.4,231.3,AWD,2754.8,664.4,3.9,3.3,412.0
BYD,Tang EV (v2025),48.7,193.4,159.1,RWD,1779.1,156.7,10.1,4.3,224.3
Volkswagen,ID.3 Pro (v2022),54.5,202.5,162.3,AWD,1903.3,192.9,10.1,2.9,252.8
Rivian,R1S Quad Motor (v2024),72.6,233.2,180.5,AWD,2277.5,316.9,8.1,1.9,292.0
Toyota,bZ4X FWD (v2021),107.6,219.7,207.4,FWD,2300.0,476.8,6.6,4.1,434.7
Lucid,Air Grand Touring (v2021),83.6,217.7,214.7,RWD,2392.8,523.0,6.0,5.6,350.7
MG,MG4 EV Long Range (v2024),38.1,205.4,159.0,RWD,1816.1,170.3,9.9,1.5,169.0
Porsche,Macan EV 4 (v2023),136.0,275.0,269.4,AWD,3033.0,880.0,2.1,3.5,454.0
Porsche,Taycan Base (v2022),70.7,199.1,189.8,RWD,1839.3,322.6,7.9,2.8,345.0
Volkswagen,ID.3 Pro S (v2023),74.3,209.1,184.9,FWD,1930.2,326.4,7.7,5.7,325.4
BMW,iX xDrive50 (v2023),100.4,226.7,184.8,RWD,2425.7,350.4,8.3,9.7,395.7
Jaguar,I-Pace Black (v2023),53.9,190.6,163.1,FWD,1629.1,161.9,9.6,2.4,258.6
Volkswagen,ID.4 Pro (v2021),54.6,208.8,156.3,AWD,2087.1,152.4,10.2,2.9,242.8
Honda,Prologue EX (v2023),53.4,185.4,159.5,RWD,1851.5,166.7,9.8,2.5,278.6
Rivian,R1T Quad Motor (v2025),63.1,190.4,157.0,RWD,1809.7,213.7,10.0,2.7,303.8
Ford,Mustang Mach-E ER (v2021),89.7,215.2,166.9,RWD,2276.0,229.7,9.4,2.7,376.6
BMW,i5 M60 (v2023),91.4,218.7,174.5,FWD,2450.2,308.5,8.4,3.3,386.3
Hyundai,Ioniq 6 Standard (v2022),99.6,194.4,178.7,RWD,2231.3,341.9,7.8,4.0,484.4
BMW,iX1 xDrive30 (v2021),69.6,205.1,170.5,RWD,1955.2,297.2,8.4,3.8,315.6
Kia,EV9 GT-Line (v2024),50.7,206.8,168.1,AWD,1960.2,209.8,9.6,1.8,233.6
Nissan,Leaf e+ (v2023),43.2,217.2,149.5,AWD,1977.0,114.9,10.8,1.3,189.1
Nissan,Ariya 87kWh (v2025),37.1,184.6,142.0,RWD,1548.1,93.0,11.2,1.6,192.0
Audi,Q4 40 e-tron (v2025),107.7,248.3,207.6,AWD,2447.5,469.5,6.1,7.6,418.3
Jaguar,I-Pace Black (v2023),97.9,228.4,181.7,FWD,2440.4,333.3,8.3,4.4,396.3
Kia,EV6 Light (v2021),103.5,224.3,188.3,FWD,2397.0,357.0,7.7,2.8,411.3
MG,MG4 EV Long Range (v2024),59.8,217.1,164.2,AWD,2023.5,240.0,9.0,2.5,243.3
Volkswagen,ID.3 Pro (v2025),100.0,214.3,177.6,FWD,2251.2,311.4,8.1,3.2,421.5
Rivian,R1T Quad Motor (v2024),61.4,218.1,195.2,AWD,1918.1,480.4,6.1,6.4,264.8
Volvo,C40 Recharge (v2024),96.4,223.6,188.1,AWD,2259.2,382.9,8.3,7.5,382.5
Nissan,Leaf 40kWh (v2025),68.6,205.8,178.7,AWD,1971.3,288.0,9.4,1.8,304.3
Ford,Mustang Mach-E GT (v2024),104.8,229.9,178.6,RWD,2398.4,314.2,8.3,4.0,411.4
BYD,Han EV (v2025),68.6,204.4,157.0,AWD,2133.4,152.9,9.9,2.8,328.5
Porsche,Macan EV 4 (v2023),131.8,223.5,217.0,RWD,2680.1,463.7,6.5,3.7,523.0
BMW,iX xDrive50 (v2024),77.3,198.7,159.0,RWD,2222.5,188.4,9.6,3.2,377.3
Lucid,Air Grand Touring (v2025),104.1,226.8,236.9,AWD,2417.0,642.8,4.7,3.9,444.9
Audi,Q4 Sportback (v2023),106.4,233.4,176.6,AWD,2414.7,313.3,8.4,2.9,406.7
Lucid,Air Touring (v2021),87.3,241.8,200.2,AWD,2222.2,478.9,6.5,3.6,337.8
Polestar,Polestar 2 Long Range (v2024),101.5,239.0,205.8,FWD,2413.1,431.9,6.8,7.2,384.5
Mercedes,EQE SUV 350 (v2022),89.9,240.0,179.1,AWD,2455.0,307.4,8.6,3.9,332.3
Volvo,EX90 Twin Motor (v2022),62.1,215.9,162.0,FWD,1833.3,241.4,9.4,3.0,277.4
Jaguar,I-Pace Black (v2024),57.0,207.5,150.4,AWD,1802.4,134.3,10.4,2.0,266.8
BMW,iX M60 (v2025),62.5,190.8,156.9,RWD,1947.7,160.9,10.2,3.0,299.8
Nissan,Leaf e+ (v2021),67.8,191.8,174.3,FWD,2116.8,257.4,9.7,5.7,323.6
Toyota,bZ4X AWD (v2021),57.0,205.7,171.5,RWD,1879.7,240.0,9.4,3.3,267.6
Chevrolet,Blazer EV LT (v2022),88.5,203.0,170.6,FWD,2074.5,314.6,8.6,2.6,389.2
MG,MG4 EV Long Range (v2023),54.0,200.7,157.8,AWD,2078.5,158.3,9.7,4.7,256.1
Toyota,bZ4X FWD (v2021),78.8,217.8,171.1,AWD,2217.2,249.1,9.5,5.0,318.5
Audi,Q6 e-tron (v2024),50.8,176.2,159.7,FWD,1599.5,167.7,9.5,2.3,263.1
Toyota,bZ3 (v2025),63.7,194.1,157.7,FWD,1864.4,174.3,9.9,2.0,301.3
Hyundai,Ioniq 6 Long Range (v2025),72.1,219.1,177.2,FWD,2203.4,315.5,9.0,4.1,306.7
Ford,Mustang Mach-E SR (v2022),67.8,199.9,174.0,AWD,1938.0,286.8,9.1,2.1,324.0
Audi,RS e-tron GT (v2025),79.9,210.1,173.2,FWD,2186.0,282.4,8.5,2.7,359.6
Chevrolet,Silverado EV WT (v2023),77.2,205.3,159.2,AWD,2013.2,291.3,8.7,2.2,353.4
BMW,iX1 xDrive30 (v2023),92.7,216.6,169.7,AWD,2428.1,256.2,8.9,7.1,416.4
BYD,Tang EV (v2023),75.3,222.0,180.3,AWD,2292.7,307.5,8.2,3.0,298.4
Volvo,EX30 Twin Motor (v2025),108.8,219.4,189.5,RWD,2562.4,304.3,8.6,4.2,474.0
Chevrolet,Silverado EV WT (v2025),105.9,211.0,175.3,FWD,2549.2,249.5,9.1,3.6,445.2
Lucid,Air Touring (v2025),111.8,245.4,213.5,AWD,2662.2,536.0,6.0,8.6,443.9
Chevrolet,Equinox EV (v2025),99.6,220.5,175.6,FWD,2504.1,271.8,8.4,2.7,436.3
Hyundai,Ioniq 5 N (v2023),103.1,220.3,173.2,RWD,2330.9,277.4,8.8,2.4,434.1
Toyota,bZ4X FWD (v2025),74.5,207.4,153.5,FWD,2093.3,166.9,9.9,1.8,348.7
Chevrolet,Bolt EV (v2021),61.1,201.6,151.6,RWD,1937.0,166.1,10.2,1.5,279.8
Lucid,Air Touring (v2022),108.0,250.8,270.7,AWD,2515.3,880.0,2.1,6.3,383.4
Chevrolet,Silverado EV WT (v2024),81.4,204.7,170.7,AWD,2044.0,275.9,8.7,2.8,372.4
BMW,i5 M60 (v2024),86.4,211.6,170.5,FWD,2312.2,196.3,9.6,2.9,394.7
Chevrolet,Blazer EV LT (v2023),80.6,220.2,178.4,AWD,2366.0,296.6,9.0,5.1,354.0
Mercedes,EQC 400 (v2025),87.8,227.0,184.3,AWD,2335.9,338.5,7.9,2.6,348.1
Chevrolet,Bolt EV (v2024),107.5,224.1,205.1,FWD,2459.5,445.5,7.2,4.1,447.9
BMW,i7 xDrive60 (v2022),96.5,211.1,194.8,RWD,2418.8,432.7,7.4,4.1,420.1
Tesla,Model Y LR (v2022),132.7,267.5,273.6,AWD,2747.5,860.9,2.1,4.8,458.7
BMW,iX M60 (v2021),108.0,214.5,199.7,FWD,2403.4,400.8,7.2,2.7,449.7
Nissan,Leaf e+ (v2023),48.2,192.6,153.1,RWD,1732.5,180.4,9.8,2.4,226.8
Nissan,Ariya e-4ORCE (v2025),66.3,209.4,165.1,RWD,2060.5,213.8,9.5,6.6,295.6
Ford,F-150 Lightning Extended (v2024),86.6,199.5,170.1,FWD,2122.4,226.4,9.9,8.5,411.8
BYD,Seal AWD (v2023),88.3,193.6,167.6,RWD,2110.2,200.5,8.9,3.2,410.9
Tesla,Model X LR (v2025),129.5,271.3,275.0,AWD,2737.5,880.0,2.1,12.3,447.2
Jaguar,I-Pace EV400 (v2021),87.8,204.1,183.5,FWD,2205.4,324.8,8.3,8.1,421.6
Ford,Mustang Mach-E SR (v2025),81.9,229.0,164.8,AWD,2380.1,256.2,9.3,3.7,343.1
BYD,Atto 3 (v2025),68.8,182.1,166.9,FWD,1968.7,261.5,9.1,3.1,341.5
Nissan,Ariya 63kWh (v2022),55.0,188.7,167.4,AWD,1971.3,228.2,8.8,2.0,272.6
Nissan,Ariya e-4ORCE (v2025),35.3,183.3,154.6,FWD,1650.3,150.6,10.1,1.2,170.7
BMW,i7 xDrive60 (v2025),65.0,193.9,157.9,FWD,2083.4,223.5,9.6,4.7,308.7
Volvo,EX30 Twin Motor (v2025),64.2,205.6,156.3,FWD,2069.8,168.6,10.3,1.9,277.5
Porsche,Taycan 4S (v2023),111.0,246.9,260.0,RWD,2544.1,797.4,2.3,3.8,430.5
Mercedes,EQB 300 (v2023),88.6,224.8,160.4,AWD,2485.5,225.5,9.3,2.5,356.3
Toyota,bZ4X AWD (v2025),84.5,209.6,158.5,RWD,2224.4,230.9,9.7,2.7,360.1
BYD,Atto 3 (v2021),67.2,201.6,172.0,FWD,2117.1,241.0,9.2,3.8,319.0
Mercedes,EQE 350+ (v2021),59.7,185.0,152.7,FWD,1838.7,140.9,10.1,1.9,301.5
Volvo,EX90 Twin Motor (v2022),88.5,222.4,191.1,FWD,2454.1,329.5,8.3,7.7,368.7
Mercedes,EQS 450+ (v2025),94.1,208.5,175.8,RWD,2194.0,295.5,8.9,7.1,414.4
Hyundai,Ioniq 6 Standard (v2024),88.7,205.9,171.7,FWD,2095.3,247.4,9.2,3.2,405.0
Jaguar,I-Pace EV400 (v2022),69.8,197.8,160.9,FWD,1960.5,191.8,10.1,4.9,341.1
Chevrolet,Silverado EV WT (v2024),58.6,211.3,172.8,AWD,2112.3,238.9,9.2,2.1,267.9
Polestar,Polestar 2 Standard (v2025),55.0,184.3,169.3,FWD,1726.9,242.1,9.4,1.9,271.9
Honda,e:Ny1 (v2025),73.1,199.3,173.4,FWD,2194.0,272.9,9.6,4.0,341.4
Volvo,C40 Recharge (v2025),101.9,214.8,164.7,AWD,2445.0,224.4,9.4,6.1,444.5
Nissan,Leaf e+ (v2025),46.9,180.2,145.6,RWD,1708.3,121.6,10.1,1.9,247.0
MG,MG4 EV Standard (v2025),47.3,188.1,154.8,RWD,1790.2,161.2,9.8,2.4,226.0
Jaguar,I-Pace HSE (v2025),107.6,211.6,180.0,FWD,2395.0,270.0,9.1,3.2,477.4
Hyundai,Ioniq 5 Standard (v2025),60.7,204.2,172.2,FWD,2098.8,245.4,9.1,1.6,275.0
Mercedes,EQB 300 (v2024),87.4,223.7,179.0,FWD,2366.3,315.6,8.0,6.0,381.1
Ford,Mustang Mach-E SR (v2021),50.0,178.6,154.8,AWD,1801.5,139.0,10.5,3.4,258.8
Porsche,Taycan Turbo (v2025),101.0,249.4,201.2,AWD,2537.2,470.3,6.4,4.9,368.3
BYD,Dolphin Extended (v2024),71.8,204.4,173.6,FWD,2067.2,295.1,8.5,2.1,340.7
Ford,Mustang Mach-E ER (v2022),61.6,194.3,153.1,FWD,1824.3,145.3,10.0,3.0,307.5
MG,MG4 EV Long Range (v2025),64.9,194.3,164.3,RWD,2086.2,240.9,9.1,2.6,308.7
Polestar,Polestar 4 Dual (v2024),102.7,221.1,178.5,FWD,2491.5,293.3,8.0,2.5,447.9
Porsche,Macan EV 4 (v2025),119.9,258.9,205.3,AWD,2734.0,442.3,6.5,3.5,412.4
Lucid,Air Grand Touring (v2023),87.4,226.4,234.3,RWD,2207.8,678.7,4.1,6.9,345.6
Hyundai,Kona Electric 64kWh (v2022),97.8,225.6,193.0,RWD,2468.7,413.3,6.9,3.2,394.7
BMW,i5 eDrive40 (v2025),79.1,219.2,186.4,RWD,2277.6,326.7,8.4,2.7,342.0
Kia,Soul EV (v2023),68.9,228.6,184.0,AWD,2091.7,292.2,8.1,2.4,265.5
Porsche,Taycan Turbo S (v2021),98.5,253.7,240.8,AWD,2492.4,628.3,4.4,2.7,367.9
Rivian,R1T Dual Motor (v2023),66.7,210.5,216.1,RWD,2098.0,513.3,5.1,5.3,292.7
Chevrolet,Blazer EV LT (v2021),86.8,217.4,184.5,AWD,2297.6,347.7,7.6,4.0,384.8
Honda,e (v2021),74.2,202.8,183.6,RWD,1943.4,282.7,9.2,6.8,350.6
Rivian,R1S Quad Motor (v2025),76.3,230.6,217.7,AWD,2192.9,544.7,5.7,6.5,291.2
Volvo,C40 Recharge (v2021),87.7,228.7,158.3,AWD,2483.7,204.5,9.3,4.9,347.0
Volkswagen,ID.3 Pro (v2025),55.2,210.7,155.6,FWD,1980.8,127.3,10.4,3.1,239.5
Kia,Niro EV (v2022),80.6,213.6,172.8,AWD,2121.0,250.4,9.2,5.7,369.2
Hyundai,Ioniq EV (v2021),108.2,215.6,178.3,RWD,2545.7,325.0,8.9,3.8,484.2
BMW,i5 M60 (v2023),91.0,212.9,150.2,FWD,2305.0,217.3,9.1,4.0,396.0
Volvo,EX90 Performance (v2024),108.6,223.5,192.3,FWD,2624.8,363.0,8.0,3.3,454.0
Chevrolet,Equinox EV (v2024),60.5,208.4,168.1,AWD,2006.0,240.6,9.4,2.4,258.6
Lucid,Air Grand Touring (v2023),75.6,210.5,197.7,AWD,2026.9,452.8,7.6,5.0,339.3
Lucid,Air Touring (v2024),123.5,263.1,258.5,AWD,2730.0,819.4,2.2,5.0,420.0
Rivian,R1T Dual Motor (v2024),65.8,216.0,182.9,AWD,2251.6,318.7,8.5,6.6,270.9
Hyundai,Ioniq 5 N (v2025),64.3,191.7,158.9,FWD,2120.7,157.8,10.2,1.9,322.6
Honda,e (v2024),39.0,186.9,156.8,AWD,1593.7,117.1,10.4,1.5,197.3
Hyundai,Ioniq 6 Standard (v2023),61.5,206.6,156.6,AWD,1833.1,150.4,10.0,2.8,268.4
Jaguar,I-Pace Black (v2024),94.8,235.9,173.8,AWD,2546.9,265.3,8.8,7.0,376.1
Kia,EV9 GT-Line (v2024),53.4,187.8,164.5,FWD,1782.3,215.9,9.3,4.2,277.6
Jaguar,I-Pace HSE (v2023),97.3,221.8,194.7,AWD,2291.1,376.8,7.5,2.4,398.5
Kia,EV9 Light (v2025),62.1,195.0,162.1,FWD,1744.9,217.7,9.7,2.1,282.3
Jaguar,I-Pace Black (v2021),85.7,218.4,161.0,AWD,2342.5,244.8,9.6,3.2,376.3
Honda,Prologue Touring (v2025),39.6,180.2,159.7,RWD,1482.5,170.0,10.3,1.8,204.7
Volvo,EX90 Performance (v2021),55.7,187.6,176.2,FWD,1714.7,244.1,9.4,1.8,280.3
Mercedes,EQS 580 (v2024),87.4,212.3,188.6,RWD,2422.6,313.0,8.3,4.1,372.7
MG,MG4 EV XPOWER (v2024),53.0,179.2,148.2,RWD,1801.9,192.6,9.8,2.1,274.4
Toyota,bZ4X AWD (v2021),47.4,166.1,159.3,FWD,1585.5,141.2,10.4,2.1,277.6
Ford,Mustang Mach-E SR (v2025),78.0,204.8,169.6,FWD,2274.5,260.1,9.0,3.3,350.1
MG,ZS EV Standard (v2025),62.0,200.6,170.9,FWD,1843.5,238.8,9.4,2.0,296.6
Chevrolet,Blazer EV RS (v2024),71.3,222.2,172.6,AWD,2071.9,224.5,9.0,2.6,310.8
Rivian,R1T Dual Motor (v2021),56.2,182.7,196.9,RWD,1907.3,389.7,7.6,2.9,273.1
Toyota,bZ3 (v2021),87.4,236.2,168.6,AWD,2479.2,278.7,9.2,2.6,337.0
BMW,i4 M50 (v2023),104.6,241.8,180.9,AWD,2502.0,370.1,8.0,6.7,396.9
Mercedes,EQS 450+ (v2021),55.0,195.5,155.4,FWD,1648.2,202.8,10.0,2.5,249.8
Kia,Soul EV (v2025),99.7,204.8,187.7,RWD,2428.5,347.7,7.9,6.8,443.8
Volkswagen,ID.5 Pro (v2022),107.1,225.7,208.6,FWD,2414.8,454.6,6.2,5.8,464.5
Polestar,Polestar 2 Standard (v2025),95.3,232.4,178.8,AWD,2616.5,326.3,8.0,2.8,394.7
Jaguar,I-Pace HSE (v2024),99.0,211.5,172.5,FWD,2405.4,255.4,9.3,3.0,421.5
Lucid,Air Sapphire (v2021),96.9,246.5,263.0,AWD,2514.1,782.2,3.3,3.0,347.5
Hyundai,Ioniq 5 Standard (v2024),47.2,196.0,158.6,RWD,1928.3,207.1,8.9,2.0,230.3
Mercedes,EQS 580 (v2023),94.5,222.3,179.7,FWD,2286.1,319.1,9.1,3.6,406.6
Honda,Prologue EX (v2021),35.1,173.0,142.3,FWD,1645.2,101.4,10.7,3.9,183.9
Honda,e:Ny1 (v2025),69.9,211.1,173.3,FWD,2034.4,255.4,9.3,2.5,308.8
Lucid,Air Sapphire (v2022),83.6,226.9,240.4,AWD,2102.0,676.8,3.8,3.0,352.4
Mercedes,EQE 350+ (v2022),70.9,211.3,153.0,FWD,2126.0,201.8,9.8,7.2,318.9
Kia,Soul EV (v2022),77.5,204.1,169.4,FWD,2237.1,296.7,9.1,4.3,343.2
Jaguar,I-Pace Black (v2023),82.9,207.2,169.0,FWD,2323.3,287.1,8.5,2.3,381.0
Mercedes,EQC 400 (v2024),79.2,194.9,159.3,RWD,2125.4,217.0,9.6,6.1,380.5
MG,MG4 EV Long Range (v2024),46.4,189.8,157.1,RWD,1583.2,169.2,9.8,1.3,216.5
Hyundai,Ioniq 6 Standard (v2021),105.5,223.0,177.5,FWD,2599.5,263.6,8.6,3.0,443.3
Rivian,R1T Dual Motor (v2024),52.5,213.1,207.2,AWD,1713.2,469.6,6.2,2.8,221.5
Mercedes,EQS SUV 450 (v2021),95.8,212.0,167.5,FWD,2405.4,221.4,9.3,4.0,420.3
Lucid,Air Sapphire (v2023),64.2,235.7,211.1,AWD,2138.5,542.3,5.8,2.3,245.5
BMW,i5 eDrive40 (v2024),65.5,212.7,171.2,AWD,2104.5,251.6,9.0,2.9,279.9
Volkswagen,ID.5 Pro (v2024),89.7,204.4,195.7,FWD,2168.3,385.4,7.6,5.0,426.0
Mercedes,EQE SUV 350 (v2024),94.6,208.9,170.4,FWD,2313.8,266.1,9.2,3.1,437.0
Chevrolet,Silverado EV WT (v2021),62.3,178.0,166.4,FWD,1735.3,179.0,9.9,3.4,307.9
BYD,Han EV (v2023),103.4,218.5,184.7,FWD,2555.9,413.1,6.7,8.5,430.8
BMW,i4 eDrive40 (v2024),48.9,197.7,159.8,RWD,1829.7,173.0,10.6,3.3,236.8
BYD,Dolphin Standard (v2021),95.8,222.1,171.4,RWD,2378.6,243.1,9.7,2.9,396.3
Toyota,bZ3 (v2024),92.1,209.7,170.1,FWD,2317.1,215.5,9.8,8.3,396.7
Kia,EV6 GT-Line (v2022),77.5,199.1,163.7,FWD,2191.1,184.2,10.1,2.9,360.6
Audi,RS e-tron GT (v2025),103.3,231.2,172.5,RWD,2511.6,259.9,8.9,3.4,398.2
Volvo,XC40 Recharge (v2025),83.6,203.1,180.7,RWD,2024.0,303.5,8.1,5.6,393.2
Mercedes,EQA 250 (v2023),55.6,184.3,165.3,RWD,1870.7,220.9,9.3,1.9,275.1
Hyundai,Ioniq 5 N (v2021),103.2,220.9,200.5,RWD,2239.6,440.8,7.0,4.1,434.8
Polestar,Polestar 4 Dual (v2023),73.9,193.7,181.0,FWD,1983.8,268.2,8.3,5.2,372.1
Ford,F-150 Lightning Extended (v2024),73.4,211.1,165.8,RWD,2099.3,248.6,9.3,2.4,318.2
MG,ZS EV Standard (v2025),67.9,212.6,153.9,AWD,2242.8,181.4,9.6,3.1,301.5
Audi,e-tron GT (v2021),97.7,225.2,181.5,RWD,2505.7,289.6,8.6,6.8,410.2
Polestar,Polestar 4 Dual (v2025),80.5,200.5,173.1,FWD,2169.5,286.5,8.6,8.2,361.7
Rivian,R1S Dual Motor (v2024),92.6,236.7,233.8,AWD,2442.4,675.2,4.3,4.7,349.0
Mercedes,EQG 580 (v2025),54.7,195.6,148.9,RWD,1786.3,172.6,10.0,3.0,259.6
Chevrolet,Bolt EV (v2023),51.7,209.9,160.6,AWD,1887.0,157.5,9.7,1.7,227.9
BYD,Tang EV (v2021),97.5,214.0,180.6,FWD,2246.3,291.8,8.7,3.7,444.0
Chevrolet,Blazer EV RS (v2024),46.6,186.7,139.0,FWD,1868.6,103.8,11.3,1.6,237.4
Toyota,bZ3 (v2025),91.7,207.1,175.3,RWD,2441.3,239.5,9.3,6.0,428.0
BMW,iX1 xDrive30 (v2023),49.6,193.4,157.8,RWD,1695.2,215.9,9.4,3.1,229.9
Nissan,Ariya e-4ORCE (v2023),72.4,197.8,181.9,RWD,2027.2,305.5,8.0,2.2,334.3
Chevrolet,Blazer EV RS (v2021),88.6,206.4,175.3,RWD,2311.0,235.6,9.2,4.6,382.4
Volkswagen,ID.3 Pro (v2021),74.3,196.0,159.2,FWD,2269.1,181.0,10.0,4.6,355.5
BYD,Dolphin Extended (v2023),76.4,199.7,166.0,FWD,2012.4,218.6,9.5,6.1,359.7
Kia,EV6 GT (v2023),90.2,200.6,168.7,RWD,2261.0,217.6,10.1,3.8,421.2
Kia,EV6 Light (v2023),83.8,219.0,187.7,FWD,2344.5,367.0,8.1,2.8,359.5
Tesla,Model 3 SR (v2025),80.2,230.1,207.2,AWD,2250.2,514.4,6.1,2.8,310.1
Chevrolet,Blazer EV RS (v2025),73.5,211.7,171.9,RWD,2267.2,200.4,9.6,4.6,329.9
Chevrolet,Blazer EV RS (v2021),62.6,202.9,152.0,FWD,1831.6,146.7,10.8,2.0,274.0
Kia,Niro EV (v2023),63.4,200.6,153.2,RWD,2057.4,197.5,10.0,3.6,309.3
Toyota,bZ4X FWD (v2025),80.0,199.9,172.6,RWD,2057.4,243.8,9.2,4.6,377.3
MG,MG5 EV (v2022),72.5,183.5,175.1,RWD,1881.2,296.8,8.9,3.8,348.3
Nissan,Townstar EV (v2024),46.2,187.9,145.7,FWD,1813.2,103.0,11.0,1.6,235.9
Audi,Q8 55 e-tron (v2023),63.8,202.5,173.1,FWD,1871.4,177.0,9.6,3.3,288.4
Porsche,Macan EV Turbo (v2025),88.4,223.8,202.3,AWD,2372.6,518.6,6.2,3.1,381.4
Honda,Prologue EX (v2021),46.8,197.9,149.7,FWD,1719.1,147.3,10.3,2.4,219.9
BMW,iX xDrive40 (v2024),55.5,181.9,143.6,RWD,1677.0,124.5,10.3,2.0,284.2
Chevrolet,Silverado EV WT (v2023),93.7,215.0,204.5,FWD,2350.1,418.7,7.0,3.0,421.6
Volkswagen,ID.3 Pro (v2025),71.8,199.9,172.4,RWD,2195.4,262.1,8.6,5.2,328.0
BYD,Tang EV (v2025),89.1,235.0,192.0,AWD,2489.9,355.3,7.9,4.1,359.3
Nissan,Leaf e+ (v2024),64.3,210.2,165.3,AWD,2134.8,210.1,9.4,2.8,285.3
Ford,F-150 Lightning Extended (v2023),71.6,194.7,151.1,FWD,2104.5,160.1,9.9,2.8,325.3
MG,MG5 EV (v2024),74.3,207.7,169.7,RWD,2058.5,251.1,8.8,3.4,339.9
Nissan,Leaf e+ (v2023),50.2,208.6,150.7,AWD,2018.6,153.4,10.6,4.7,214.1
Ford,Mustang Mach-E ER (v2022),93.9,223.2,175.5,AWD,2530.8,236.8,9.5,2.7,378.3
Toyota,bZ3 (v2023),95.3,228.5,178.6,RWD,2482.7,328.5,8.3,2.9,384.4
MG,MG4 EV XPOWER (v2021),43.6,187.5,160.1,FWD,1664.9,186.9,9.4,1.6,213.5
Toyota,bZ4X AWD (v2021),106.0,216.2,175.9,FWD,2530.0,312.4,8.2,6.2,465.7
Volkswagen,ID.7 Pro (v2025),95.6,224.3,173.9,AWD,2512.1,229.7,9.0,9.2,386.0
Audi,e-tron GT (v2024),88.3,217.4,188.6,FWD,2183.5,376.8,7.5,2.5,394.3
BMW,iX1 xDrive30 (v2023),90.9,228.6,186.4,AWD,2581.6,389.0,8.2,2.7,388.3
Nissan,Townstar EV (v2024),44.3,184.9,164.7,RWD,1509.3,175.3,9.6,1.6,211.7
Audi,Q8 50 e-tron (v2025),83.2,215.0,180.0,AWD,2341.1,327.7,8.7,2.5,363.5
Hyundai,Kona Electric 64kWh (v2023),73.8,204.3,182.9,RWD,2070.1,308.5,8.2,2.2,336.1
Lucid,Air Sapphire (v2023),100.0,245.2,242.2,RWD,2476.7,716.7,3.3,3.1,366.3
Chevrolet,Bolt EV (v2025),48.9,184.3,140.3,AWD,1887.6,127.0,11.0,1.6,251.9
Porsche,Taycan Cross Turismo (v2022),82.2,242.9,205.1,AWD,2436.4,474.1,6.2,2.6,327.5
Porsche,Taycan Turbo (v2023),82.9,232.5,194.9,AWD,2427.4,396.6,7.4,2.1,330.5
Polestar,Polestar 3 Long Range (v2025),98.1,227.4,166.7,AWD,2633.0,235.0,9.0,5.0,400.0
Polestar,Polestar 4 Dual (v2024),94.4,241.1,169.8,AWD,2597.3,268.0,8.6,5.2,356.1
BYD,Han EV (v2021),64.7,198.0,158.2,FWD,2148.4,167.6,10.1,2.3,314.5
Hyundai,Ioniq EV (v2022),54.4,191.7,150.4,RWD,1879.2,153.8,10.1,3.1,262.6
Volkswagen,ID.5 Pro (v2022),92.1,218.5,186.9,RWD,2331.3,344.1,8.1,2.6,406.4
Polestar,Polestar 2 Long Range (v2023),75.6,216.4,177.6,RWD,2157.5,263.6,8.3,2.1,311.6
BYD,Han EV (v2023),53.2,216.1,160.3,AWD,1810.0,138.5,10.9,2.1,222.3
Kia,Niro EV (v2024),100.5,223.3,181.5,FWD,2402.9,315.2,8.2,3.5,422.1
Kia,EV9 GT-Line (v2023),103.1,244.1,199.4,AWD,2474.9,362.8,8.5,3.3,398.0
Polestar,Polestar 4 Dual (v2021),74.8,197.9,163.1,FWD,2025.4,180.7,10.0,3.8,334.1
Chevrolet,Blazer EV LT (v2025),75.3,200.3,158.3,RWD,2195.6,192.4,8.9,4.7,361.9
Honda,Prologue EX (v2021),59.6,200.1,158.9,RWD,2059.3,201.0,10.1,2.3,263.1
Chevrolet,Bolt EV (v2024),74.2,183.8,159.1,FWD,1972.3,171.7,9.8,3.6,362.3
Rivian,R1T Quad Motor (v2023),58.7,213.3,205.4,AWD,2016.3,516.3,6.2,2.4,262.8
Toyota,bZ3 (v2023),47.0,206.9,159.1,FWD,1921.6,175.4,9.9,1.8,206.9
Rivian,R1S Dual Motor (v2024),104.3,230.8,238.2,AWD,2472.1,701.7,4.0,5.2,433.7
Tesla,Cybertruck Tri (v2022),103.3,239.7,206.0,AWD,2750.7,495.0,6.0,4.4,393.8
Audi,e-tron S (v2022),87.1,229.6,169.1,AWD,2210.2,250.5,9.3,5.0,366.6
Lucid,Air Sapphire (v2024),85.1,228.4,173.3,AWD,2359.3,329.2,7.9,3.2,338.7
Polestar,Polestar 2 Standard (v2025),70.4,197.0,151.4,RWD,1971.5,162.1,10.6,2.9,345.5
MG,MG4 EV Long Range (v2022),35.4,177.8,148.4,FWD,1723.5,143.2,10.4,2.1,194.9
Honda,e:Ny1 (v2021),59.7,200.9,157.4,RWD,2041.4,161.9,10.1,2.2,283.6
Ford,Mustang Mach-E ER (v2025),54.4,183.8,150.3,FWD,1676.0,123.0,10.1,2.2,264.4
Chevrolet,Bolt EV (v2023),68.6,180.0,154.8,FWD,2129.4,202.6,9.7,4.1,367.3
Chevrolet,Silverado EV WT (v2025),74.8,203.0,191.8,FWD,2006.9,325.2,8.3,5.1,339.4
Lucid,Air Sapphire (v2021),127.6,260.0,268.1,AWD,2701.2,860.4,2.1,7.2,463.7
Honda,Prologue Touring (v2025),71.0,192.8,174.8,RWD,2222.0,228.6,9.4,3.8,331.9
Honda,Prologue Touring (v2024),41.7,177.0,153.3,RWD,1823.3,145.3,10.4,1.2,224.7
MG,Cyberster RWD (v2024),60.4,223.8,169.7,AWD,2035.4,237.5,9.8,4.5,259.8
Kia,Soul EV (v2022),52.0,190.4,150.0,FWD,1907.2,174.2,9.8,3.2,255.3
Kia,Soul EV (v2023),98.9,225.1,186.4,RWD,2470.8,375.9,7.2,3.9,422.4
Honda,Prologue EX (v2023),66.2,192.2,146.3,RWD,2176.6,174.8,9.8,3.9,313.6
Chevrolet,Equinox EV (v2024),72.1,187.8,157.5,RWD,1915.6,187.0,10.2,2.5,338.6
BMW,i5 M60 (v2023),99.0,213.6,171.4,FWD,2566.3,287.0,8.6,9.4,420.7
Nissan,Leaf 40kWh (v2023),36.1,181.2,147.9,FWD,1635.1,80.5,10.9,1.3,183.5
Chevrolet,Silverado EV WT (v2024),99.1,214.3,176.2,RWD,2511.1,269.2,8.7,7.6,450.1
Chevrolet,Blazer EV RS (v2025),58.7,186.6,149.9,FWD,1985.0,136.1,9.5,4.1,293.6
Hyundai,Ioniq 5 N (v2024),92.7,209.6,176.1,RWD,2247.4,290.9,8.1,3.2,425.8
BMW,iX xDrive50 (v2025),66.9,195.8,152.6,FWD,1911.3,166.0,10.1,2.4,305.6
Hyundai,Ioniq 6 Standard (v2023),88.6,213.2,166.9,FWD,2166.2,211.6,9.6,2.4,389.9
BMW,i7 xDrive60 (v2022),66.5,213.0,176.9,RWD,2006.5,276.3,9.0,1.8,275.1
Tesla,Model 3 SR (v2024),123.3,248.0,205.4,AWD,2818.3,449.9,6.8,4.0,453.6
Chevrolet,Equinox EV (v2025),100.2,211.6,181.8,RWD,2220.7,389.7,7.3,9.8,438.7
BMW,i7 xDrive60 (v2024),88.7,239.1,179.8,AWD,2433.4,324.5,8.3,2.9,356.5
BYD,Song Plus EV (v2025),50.8,193.5,158.1,FWD,1825.9,151.7,10.2,2.3,238.9
Mercedes,EQC 400 (v2021),99.4,213.0,190.5,FWD,2438.8,351.7,7.6,2.5,414.7
Rivian,R1S Dual Motor (v2021),81.2,220.6,197.5,AWD,2161.2,401.9,7.3,2.2,350.7
Tesla,Model S Dual (v2023),80.4,253.7,248.6,AWD,2047.5,722.3,3.2,2.9,281.4
Porsche,Taycan Cross Turismo (v2024),91.2,196.8,179.5,RWD,2281.9,315.2,8.1,4.5,429.9
Polestar,Polestar 4 Dual (v2023),93.0,216.2,158.9,FWD,2379.2,230.2,9.2,4.2,413.0
Porsche,Taycan Turbo (v2025),121.4,240.9,240.7,AWD,2675.0,738.8,3.4,6.4,458.5
Rivian,R1T Quad Motor (v2024),49.3,190.6,187.4,AWD,1656.6,379.6,7.6,1.7,243.2
Audi,Q4 Sportback (v2023),103.1,217.5,206.5,FWD,2268.4,442.0,6.6,3.0,451.9
Polestar,Polestar 3 Long Range (v2023),88.9,230.4,176.1,AWD,2260.6,308.3,8.6,4.4,362.2
Rivian,R1T Dual Motor (v2024),49.0,181.9,156.7,RWD,1761.9,167.9,10.1,2.2,247.6
BYD,Seal RWD (v2021),54.8,196.5,152.6,AWD,1918.6,194.0,10.4,2.4,249.2
Toyota,bZ3 (v2022),47.7,186.0,146.0,FWD,1692.1,115.8,10.5,1.7,243.2
Honda,Prologue EX (v2023),58.8,202.3,173.6,RWD,1717.6,256.5,8.4,4.9,280.0
Volvo,C40 Recharge (v2024),63.0,222.5,159.8,AWD,2172.7,265.4,9.0,2.8,268.3
BYD,Atto 3 (v2025),59.7,195.1,157.3,FWD,1923.4,179.7,9.9,4.3,273.1
Lucid,Air Sapphire (v2025),126.8,227.3,213.0,AWD,2695.0,518.6,5.7,7.1,491.7
BYD,Han EV (v2024),76.1,203.8,182.2,FWD,1909.6,310.8,7.9,2.3,339.2
Chevrolet,Equinox EV (v2023),57.0,164.6,155.4,FWD,1743.3,176.1,9.9,1.6,317.9
Mercedes,EQE 350+ (v2025),81.0,204.1,184.9,FWD,2170.2,363.3,8.3,2.4,353.6
BMW,i5 eDrive40 (v2021),48.0,194.7,160.7,RWD,1927.9,198.4,9.5,1.9,219.8
Nissan,Townstar EV (v2025),40.7,206.7,139.9,AWD,1700.5,96.7,10.8,1.7,182.9
Tesla,Model Y Performance (v2021),136.5,259.9,261.3,RWD,2896.5,838.2,2.1,5.5,491.1
Chevrolet,Equinox EV (v2022),87.1,213.8,171.6,RWD,2376.1,256.7,9.3,3.5,388.2
Nissan,Townstar EV (v2023),64.2,189.9,168.7,FWD,1920.9,226.8,9.5,2.5,311.7
Honda,Prologue Touring (v2023),40.3,170.8,165.1,FWD,1517.5,176.7,10.0,1.9,219.1
Nissan,Leaf e+ (v2021),43.0,181.5,140.3,RWD,1612.9,116.7,10.6,1.5,216.1
MG,ZS EV Standard (v2025),47.7,195.9,143.2,RWD,1910.9,111.6,10.7,2.5,222.0
Kia,EV9 GT-Line (v2025),51.8,182.1,166.1,FWD,1649.0,182.3,9.6,3.0,268.6
Nissan,Leaf e+ (v2021),60.1,192.6,159.5,FWD,2024.3,216.7,9.3,3.9,284.7
MG,Cyberster RWD (v2022),57.2,181.9,160.1,FWD,1900.3,182.0,9.6,2.9,285.7
Chevrolet,Blazer EV RS (v2021),64.1,196.5,169.3,FWD,1857.4,190.0,9.8,2.2,308.5
Porsche,Taycan Turbo S (v2022),76.7,219.9,171.8,AWD,2056.3,304.2,8.3,3.1,308.2
BYD,Song Plus EV (v2025),64.7,219.6,168.8,AWD,2175.4,245.3,9.0,2.4,263.2
BYD,Han EV (v2022),68.9,205.6,170.5,AWD,1934.0,201.1,9.3,2.3,325.6
Chevrolet,Bolt EV (v2024),100.0,225.3,176.6,AWD,2390.0,306.6,8.3,7.3,412.2
Honda,Prologue Touring (v2023),47.1,208.2,155.7,AWD,1992.2,186.4,9.9,2.2,206.5
Rivian,R1T Performance (v2024),101.0,242.1,224.2,AWD,2384.0,566.1,5.4,5.2,406.5
Ford,F-150 Lightning Extended (v2021),50.3,191.2,164.3,RWD,1837.8,183.1,9.4,1.8,236.8
Tesla,Model 3 LR (v2024),84.6,249.9,258.3,AWD,2304.3,806.9,2.5,3.0,313.9
Toyota,bZ3 (v2022),102.6,209.6,209.7,RWD,2251.6,452.7,7.0,5.3,477.0
Polestar,Polestar 2 Standard (v2025),69.0,209.2,172.6,AWD,2029.4,234.4,9.0,2.6,307.0
MG,MG4 EV XPOWER (v2022),61.5,200.3,159.1,FWD,1957.2,194.1,10.1,2.8,290.2
BMW,i7 xDrive60 (v2025),93.5,198.5,197.6,RWD,2243.5,387.6,7.3,2.4,437.2
Nissan,Ariya 87kWh (v2022),39.8,178.0,158.3,FWD,1474.7,153.9,10.2,2.2,204.6
Volkswagen,ID.3 Pro (v2024),52.0,199.9,150.0,AWD,1795.8,147.3,10.0,1.9,240.8
Volkswagen,ID.3 Pro (v2022),45.6,198.4,162.6,AWD,1914.0,204.2,9.7,1.6,214.8
Nissan,Ariya e-4ORCE (v2025),69.4,191.4,179.3,RWD,1947.2,304.7,8.7,2.8,325.5
Audi,RS e-tron GT (v2023),77.0,209.1,182.5,AWD,2102.6,338.4,8.0,2.1,330.2
Rivian,R1T Dual Motor (v2024),94.5,207.1,218.6,RWD,2147.8,556.6,5.1,6.5,435.0
MG,MG4 EV Long Range (v2024),72.4,217.6,174.7,AWD,2326.0,307.1,8.2,2.6,305.9
Rivian,R1T Performance (v2022),74.1,218.3,199.4,RWD,2207.8,458.4,6.2,2.1,312.2
Tesla,Model X LR (v2022),80.9,226.7,236.5,RWD,2348.8,607.0,4.9,3.3,336.0
Audi,Q8 50 e-tron (v2025),106.0,234.3,207.8,FWD,2641.7,449.5,7.1,4.9,401.2
Kia,Niro EV (v2022),83.8,205.4,169.6,FWD,2322.9,257.9,8.9,3.1,385.2
Chevrolet,Silverado EV WT (v2023),57.6,208.9,145.4,AWD,1941.0,176.7,9.6,2.4,248.0
Tesla,Cybertruck Tri (v2021),79.3,215.3,179.4,AWD,2151.2,315.5,8.3,5.6,358.0
MG,MG4 EV Long Range (v2023),52.8,190.2,152.0,FWD,1722.3,125.9,10.3,1.9,252.5
Jaguar,I-Pace EV400 (v2025),106.9,231.6,182.8,FWD,2581.2,382.0,7.4,4.4,448.6
Toyota,bZ4X AWD (v2025),104.6,213.6,169.4,FWD,2479.2,302.2,8.2,3.2,466.6
MG,MG5 EV (v2024),59.9,227.0,169.1,AWD,2102.1,248.3,8.9,1.9,244.2
Honda,Prologue Touring (v2021),39.5,181.7,150.6,FWD,1682.5,131.0,10.2,1.7,193.7
BMW,i4 eDrive35 (v2024),79.8,211.7,179.8,AWD,2292.7,298.0,7.7,5.8,346.4
Polestar,Polestar 2 Performance (v2023),90.6,214.9,177.8,RWD,2424.2,286.3,8.3,3.3,392.6
Lucid,Air Sapphire (v2024),107.8,247.3,247.5,AWD,2537.9,721.1,3.7,3.3,390.7
Chevrolet,Blazer EV LT (v2025),78.7,212.7,184.0,FWD,2232.6,324.5,7.8,3.9,352.8
Volkswagen,ID.4 GTX (v2024),79.6,201.8,163.7,FWD,2273.6,193.7,9.9,2.7,354.0
Mercedes,EQB 300 (v2025),52.9,175.6,151.4,FWD,1899.6,138.7,10.4,3.1,265.9
Nissan,Ariya 87kWh (v2025),67.5,214.3,163.5,AWD,2001.3,208.4,9.9,6.0,281.6
BYD,Atto 3 (v2021),99.4,240.6,193.2,AWD,2609.2,413.4,7.3,3.1,376.8
Kia,EV9 Light (v2021),76.4,212.6,156.0,FWD,2077.0,181.3,9.7,2.6,318.7
BMW,i5 eDrive40 (v2024),69.9,196.8,167.6,RWD,2111.2,241.8,9.2,2.0,334.4
Lucid,Air Touring (v2025),78.5,241.9,226.0,AWD,2212.6,595.9,4.4,4.0,307.8
Honda,e (v2024),37.2,197.4,143.4,AWD,1723.8,134.2,10.4,1.4,172.5
Volvo,EX30 Twin Motor (v2023),79.6,219.0,156.7,AWD,2388.3,177.1,10.2,2.2,347.1
Porsche,Taycan Cross Turismo (v2023),109.9,251.0,233.0,AWD,2447.7,620.0,4.7,7.0,398.4
Tesla,Model Y Performance (v2023),135.5,266.6,234.8,AWD,3123.9,640.2,4.3,3.8,497.5
Volkswagen,ID.3 Pro (v2024),98.1,218.6,172.0,RWD,2530.1,235.3,9.3,2.6,412.2
Jaguar,I-Pace Black (v2025),76.7,210.1,154.4,RWD,2234.3,186.3,10.4,1.8,355.0
Chevrolet,Silverado EV WT (v2025),60.7,179.7,167.7,FWD,1790.7,267.0,8.5,2.3,305.6
Lucid,Air Grand Touring (v2023),112.3,235.1,209.8,AWD,2554.7,530.2,5.5,8.4,452.0
Audi,e-tron S (v2022),88.2,190.2,184.5,RWD,2220.3,336.3,7.6,2.9,408.5
Chevrolet,Blazer EV LT (v2023),104.1,211.4,190.5,RWD,2538.7,368.5,7.8,2.8,452.4
Lucid,Air Pure (v2022),65.5,229.3,196.7,AWD,2067.8,410.0,6.4,1.8,252.9
Chevrolet,Bolt EV (v2022),87.3,208.9,173.9,AWD,2349.6,295.1,8.5,3.5,370.0
Rivian,R1S Quad Motor (v2021),63.3,197.7,175.0,AWD,1868.0,284.5,8.5,2.5,301.2
Mercedes,EQB 300 (v2021),84.6,211.3,184.6,FWD,2235.1,340.3,8.3,7.6,390.2
Polestar,Polestar 3 Long Range (v2021),54.3,198.4,155.2,AWD,1930.2,154.3,10.6,3.8,243.0
Kia,EV9 Light (v2024),50.7,195.4,168.0,FWD,1704.4,224.0,9.3,2.0,228.3
BYD,Seal RWD (v2022),79.9,218.4,176.8,AWD,2023.0,258.6,9.0,4.2,358.5
Toyota,bZ3 (v2024),48.6,176.6,146.7,FWD,1609.5,113.4,10.5,3.9,260.7
Nissan,Ariya 63kWh (v2021),36.2,188.0,154.4,AWD,1550.1,107.5,10.7,1.3,175.7
Porsche,Taycan Base (v2022),60.7,211.3,188.1,RWD,1968.4,348.7,7.9,2.0,269.7
Lucid,Air Sapphire (v2023),129.4,262.4,272.6,AWD,2782.3,867.6,2.1,5.1,481.6
Nissan,Townstar EV (v2024),39.3,198.1,146.7,FWD,1769.4,98.9,10.9,1.8,184.8
BYD,Seal RWD (v2021),84.5,217.8,169.3,AWD,2138.8,198.3,9.7,2.2,349.5
Lucid,Air Pure (v2022),135.0,250.3,214.3,AWD,2967.0,552.6,5.3,3.7,515.7
Porsche,Taycan Turbo (v2025),138.1,256.4,207.2,AWD,3150.0,518.1,6.2,4.1,501.3
Jaguar,I-Pace EV400 (v2023),56.9,188.4,160.7,RWD,1754.0,208.3,9.4,2.0,269.8
Volvo,EX90 Twin Motor (v2024),48.4,187.6,145.2,AWD,1686.8,165.7,10.4,1.7,238.3
Hyundai,Ioniq 5 Long Range (v2023),56.3,209.4,156.8,AWD,1972.8,181.5,9.9,1.8,240.1
Honda,e (v2024),72.1,205.4,175.3,FWD,2198.5,276.0,8.7,2.0,337.3
Toyota,bZ4X FWD (v2025),62.3,210.8,170.8,AWD,2118.6,254.9,8.4,3.6,289.4
Kia,EV6 GT-Line (v2022),79.3,220.1,177.7,AWD,2186.0,293.1,8.1,6.4,339.8
BYD,Dolphin Standard (v2025),70.1,213.6,164.5,FWD,2155.1,310.7,8.5,4.6,317.2
Audi,Q4 Sportback (v2025),46.6,214.9,167.4,AWD,1912.0,192.2,9.8,2.1,193.6
Nissan,Townstar EV (v2024),49.5,185.6,159.9,FWD,1899.2,188.7,9.6,1.8,259.5
Toyota,bZ3 (v2021),88.0,230.0,181.9,AWD,2479.4,335.3,7.3,2.7,349.9
Honda,e (v2023),70.6,206.3,159.5,AWD,2094.7,167.9,10.3,1.9,330.0
BYD,Song Plus EV (v2025),86.0,207.1,195.4,FWD,2035.2,331.8,7.6,3.3,391.7
Volkswagen,ID.5 Pro (v2024),57.0,182.8,159.4,FWD,1685.0,202.4,9.6,2.0,285.2
Rivian,R1T Dual Motor (v2023),91.5,248.6,210.7,AWD,2481.2,538.9,6.0,2.9,351.9
Volkswagen,ID.4 GTX (v2021),97.8,223.4,191.6,FWD,2404.4,354.4,8.0,3.1,397.9
Tesla,Model S Dual (v2024),76.8,222.7,191.6,AWD,2329.7,385.6,7.6,2.4,303.9
Mercedes,EQC 400 (v2023),60.1,186.8,169.0,RWD,1764.4,226.8,9.8,1.6,296.4
BYD,Atto 3 (v2022),99.1,216.3,173.3,FWD,2372.5,277.2,8.2,6.0,446.8
Mercedes,EQE 500 (v2022),57.4,212.4,150.9,RWD,1875.4,188.1,10.0,2.6,240.6
Porsche,Taycan Turbo S (v2025),73.3,234.3,210.2,RWD,2236.3,485.5,7.1,2.5,296.7
BYD,Tang EV (v2022),102.9,214.5,203.7,RWD,2464.2,423.4,7.3,7.9,460.6
Hyundai,Ioniq 5 Long Range (v2024),73.0,204.5,165.9,RWD,2037.1,212.6,9.7,6.1,323.0
Lucid,Air Touring (v2021),117.6,237.5,235.9,RWD,2430.6,671.2,4.2,3.7,455.6
Porsche,Taycan 4S (v2022),74.2,217.4,171.6,AWD,1986.6,294.9,8.2,2.4,303.1
Hyundai,Kona Electric 64kWh (v2025),55.6,197.5,161.0,AWD,1822.3,157.2,10.0,2.0,275.5
Porsche,Macan EV Turbo (v2024),64.3,199.5,183.7,RWD,1761.8,308.1,8.2,3.4,291.6
Volkswagen,ID.4 GTX (v2022),56.3,201.1,140.4,AWD,1892.9,133.0,10.6,2.7,269.3
Toyota,bZ4X AWD (v2024),84.3,204.2,168.9,RWD,2255.5,266.3,8.9,4.2,393.5
Chevrolet,Bolt EV (v2023),101.1,226.0,182.3,AWD,2480.4,256.0,8.6,3.1,412.8
Rivian,R1T Dual Motor (v2022),67.9,205.7,184.2,RWD,1974.3,291.5,8.6,2.4,291.3
Lucid,Air Touring (v2025),88.7,239.9,213.2,AWD,2540.6,532.4,6.3,3.5,332.5
Kia,EV9 GT-Line (v2022),86.1,205.1,160.4,RWD,2242.8,214.9,10.3,3.8,395.3
Ford,F-150 Lightning Standard (v2022),105.7,234.6,174.9,AWD,2702.8,325.4,8.6,3.0,410.3
Mercedes,EQS 450+ (v2021),84.9,204.7,156.5,RWD,2368.8,202.2,10.1,4.0,406.2
Jaguar,I-Pace EV400 (v2023),47.7,176.8,161.7,RWD,1629.0,206.4,9.3,1.7,244.6
MG,MG4 EV Long Range (v2025),66.6,204.8,147.1,FWD,2029.1,153.4,10.5,2.3,298.1
Volkswagen,ID.4 Pro (v2024),103.3,224.4,172.7,RWD,2604.8,248.1,8.9,2.4,418.6
Toyota,bZ4X AWD (v2021),71.0,208.0,160.5,FWD,2230.4,243.7,9.2,6.9,324.3
Hyundai,Ioniq 6 Long Range (v2022),80.2,218.3,170.5,FWD,2136.7,268.6,8.9,5.6,341.3
Rivian,R1S Quad Motor (v2025),84.5,220.7,221.0,RWD,2039.8,617.5,4.7,6.3,338.2
Polestar,Polestar 4 Dual (v2021),80.5,202.0,159.7,FWD,2175.4,193.8,10.1,5.9,385.8
Lucid,Air Pure (v2024),123.1,260.1,236.2,AWD,2677.1,655.7,4.2,4.8,422.5
Lucid,Air Pure (v2025),100.5,248.1,256.5,RWD,2532.0,770.9,2.9,4.0,376.4
Jaguar,I-Pace EV400 (v2022),105.7,234.3,204.0,RWD,2562.2,455.9,6.5,4.1,421.0
Nissan,Ariya 63kWh (v2022),52.9,185.4,165.4,FWD,1695.4,200.3,9.5,2.7,270.2
Ford,E-Transit (v2023),58.4,217.1,156.2,AWD,2015.1,184.7,9.7,3.9,251.9
Chevrolet,Equinox EV (v2022),89.4,221.8,171.3,AWD,2248.6,284.9,8.5,6.3,364.3
Polestar,Polestar 2 Long Range (v2022),77.1,218.5,170.7,AWD,2147.6,298.8,8.0,3.7,314.3
Toyota,bZ3 (v2024),52.5,210.9,153.6,AWD,1938.0,139.7,10.3,1.6,234.9
Rivian,R1T Quad Motor (v2024),52.0,209.6,179.6,AWD,2055.8,237.1,8.8,2.1,242.0
BYD,Seal RWD (v2024),58.2,204.0,182.3,RWD,1975.6,261.3,8.9,2.4,252.8
Audi,e-tron GT (v2025),48.4,197.8,148.2,FWD,1805.8,112.6,10.8,1.8,228.4
Porsche,Taycan 4S (v2022),100.6,236.9,203.7,AWD,2465.1,472.5,6.4,3.2,385.0
Lucid,Air Touring (v2022),114.5,254.5,236.7,AWD,2835.8,676.1,4.3,3.7,419.4
Hyundai,Ioniq 5 Long Range (v2024),69.7,179.1,176.1,AWD,1901.9,306.4,8.3,2.7,342.4
Polestar,Polestar 2 Performance (v2024),101.3,220.4,200.5,RWD,2574.4,437.3,7.4,3.1,438.7
Honda,e (v2022),38.7,182.4,150.3,FWD,1655.9,164.3,9.8,1.4,187.3
Jaguar,I-Pace EV400 (v2022),78.8,207.7,169.2,RWD,2011.0,257.0,8.7,2.3,367.9
Chevrolet,Bolt EUV (v2025),83.4,212.1,165.2,RWD,2253.7,232.5,9.6,2.7,368.2
Tesla,Model X Plaid (v2025),102.8,213.2,229.0,RWD,2269.5,586.9,5.0,4.3,458.3
Honda,Prologue Touring (v2023),41.5,184.6,153.9,RWD,1695.5,139.5,10.7,2.2,214.4
Toyota,bZ4X FWD (v2025),87.1,209.4,195.5,RWD,2050.5,315.5,8.6,6.9,381.0
Toyota,bZ4X FWD (v2023),101.6,212.3,198.8,RWD,2315.6,452.5,6.2,4.5,427.4
Volvo,XC40 Recharge (v2025),86.3,224.7,185.4,RWD,2351.1,353.7,7.8,5.0,364.8
BYD,Han EV (v2023),104.9,223.3,187.5,RWD,2648.0,361.0,8.0,5.8,435.0
Lucid,Air Sapphire (v2024),73.1,228.6,203.6,AWD,2173.9,437.4,6.9,2.2,312.6
Nissan,Leaf 40kWh (v2023),53.4,186.1,164.6,FWD,1868.7,185.9,9.6,2.0,264.3
Volkswagen,ID.4 GTX (v2023),73.6,210.9,173.4,FWD,2213.3,277.9,8.8,6.7,337.8
MG,ZS EV Long Range (v2025),64.9,197.1,156.7,FWD,1844.9,173.5,9.9,2.3,315.4
Kia,EV6 Wind (v2024),48.8,191.6,151.1,RWD,1664.7,156.3,10.1,2.0,239.1
Volvo,EX90 Twin Motor (v2024),88.3,204.8,195.5,RWD,2205.0,388.0,7.6,5.2,407.6
BMW,iX xDrive50 (v2021),80.9,209.3,179.0,FWD,2297.2,363.3,8.0,5.2,375.0
Audi,RS e-tron GT (v2024),62.2,201.5,170.6,FWD,2002.4,272.7,9.0,2.0,274.1
Volkswagen,ID.4 Pro (v2023),87.2,216.7,188.8,RWD,2342.1,316.8,8.1,2.9,383.5
Rivian,R1T Performance (v2024),72.6,217.6,181.3,AWD,2235.4,350.0,7.8,2.7,296.1
Volvo,XC40 Recharge (v2024),104.5,238.7,171.4,AWD,2695.7,242.4,9.3,3.8,420.2
Porsche,Macan EV Turbo (v2022),103.0,236.5,234.7,RWD,2532.0,646.9,4.4,8.2,415.1
Hyundai,Ioniq 5 Long Range (v2021),105.2,226.3,180.5,AWD,2323.9,292.0,8.7,3.4,430.5
Toyota,bZ4X FWD (v2025),78.7,220.2,181.7,FWD,2325.9,299.3,8.1,3.1,325.9
Audi,Q4 50 e-tron (v2021),68.8,200.8,174.6,AWD,1934.1,302.5,8.7,2.4,307.9
Mercedes,EQS 580 (v2024),87.6,213.6,195.1,FWD,2182.0,343.5,7.4,2.3,401.0
MG,MG4 EV XPOWER (v2021),71.5,200.4,158.7,RWD,2193.3,239.8,8.9,3.7,339.7
Jaguar,I-Pace HSE (v2023),93.7,240.1,175.5,AWD,2288.2,260.4,9.0,2.7,357.7
Volkswagen,ID.3 Pro S (v2023),103.5,233.8,166.7,AWD,2619.9,248.3,9.3,3.9,419.2
Chevrolet,Bolt EUV (v2023),79.1,219.6,179.6,FWD,2199.4,315.8,8.2,2.4,332.7
Porsche,Taycan 4S (v2021),87.0,237.7,190.7,AWD,2491.9,355.6,7.6,2.3,340.3
Chevrolet,Equinox EV (v2024),57.3,224.8,147.4,AWD,2103.6,152.2,9.6,3.8,237.7
Hyundai,Ioniq 5 N (v2021),73.7,205.2,177.6,RWD,2010.2,288.8,8.1,2.1,328.0
Tesla,Model X Plaid (v2024),65.1,220.8,203.2,RWD,1815.9,508.1,6.1,1.8,266.2
Hyundai,Ioniq 5 Standard (v2022),64.3,202.3,160.4,RWD,2026.8,172.3,10.1,3.4,293.0
Volkswagen,ID. Buzz Pro (v2022),68.1,190.2,163.6,RWD,2124.9,196.0,10.2,2.4,331.5
Rivian,R1S Dual Motor (v2024),51.4,208.6,195.7,AWD,1785.0,436.0,6.6,3.0,227.7
Tesla,Model Y LR (v2025),119.7,244.9,231.8,AWD,2550.1,631.1,4.9,4.8,430.5
Hyundai,Ioniq 6 Standard (v2025),45.2,186.7,149.7,AWD,1726.6,117.4,10.6,2.4,234.2
Ford,F-150 Lightning Standard (v2023),63.7,188.3,158.6,RWD,1969.2,184.7,10.2,4.2,303.1
Ford,E-Transit (v2025),78.8,190.4,165.9,RWD,2179.4,221.3,9.1,7.1,397.7
Rivian,R1T Performance (v2025),109.3,244.6,226.9,AWD,2413.0,633.8,4.9,2.9,417.9
Tesla,Model 3 SR (v2025),82.8,218.7,186.1,AWD,2442.1,356.5,7.9,2.6,349.7
Volkswagen,ID. Buzz Pro (v2025),56.7,179.3,153.9,RWD,1698.4,131.8,10.8,1.8,295.1
Volvo,EX30 Twin Motor (v2022),107.8,220.9,179.1,AWD,2490.1,286.0,8.6,2.5,449.0
Volvo,EX30 Twin Motor (v2025),68.8,216.5,151.8,FWD,2058.0,176.7,9.8,4.4,282.0
Toyota,bZ3 (v2025),52.0,186.3,156.0,RWD,1802.9,202.3,9.3,1.6,269.8
Mercedes,EQG 580 (v2025),64.9,181.1,156.6,FWD,1822.4,182.2,10.3,2.5,325.7
MG,MG4 EV Long Range (v2024),35.4,184.5,149.1,FWD,1422.4,121.5,10.2,1.6,181.5
Polestar,Polestar 2 Long Range (v2021),97.4,222.2,176.3,AWD,2241.8,308.9,8.2,8.4,397.4
Toyota,bZ4X AWD (v2023),103.7,214.1,169.8,FWD,2274.3,242.1,9.0,3.2,444.7
Volvo,EX90 Performance (v2024),56.2,219.4,168.9,AWD,2104.0,194.6,9.4,2.1,247.5
Rivian,R1T Quad Motor (v2021),65.6,228.4,194.1,AWD,2161.7,388.2,7.1,2.7,254.2
Porsche,Macan EV 4 (v2023),123.2,233.6,216.1,AWD,2701.3,512.2,6.1,4.5,484.1
Volvo,EX30 Twin Motor (v2024),99.8,215.7,182.3,FWD,2341.9,371.0,7.4,8.5,434.8
Volvo,XC40 Recharge (v2025),98.8,232.9,172.2,AWD,2546.4,261.5,9.1,4.1,386.2
Honda,e:Ny1 (v2025),44.6,202.0,170.0,AWD,1659.7,193.5,9.8,2.4,214.6
Nissan,Leaf 40kWh (v2025),49.0,202.7,144.0,AWD,1800.9,107.9,10.5,3.3,219.6
Honda,e (v2025),49.3,202.5,159.6,FWD,1864.8,170.8,9.8,5.0,226.0
Tesla,Model X Plaid (v2024),124.7,244.0,258.1,RWD,2612.6,780.6,2.7,2.9,450.7
Audi,Q8 55 e-tron (v2021),53.8,200.7,146.2,AWD,1909.7,155.8,10.9,1.7,248.3
Jaguar,I-Pace EV400 (v2022),106.3,238.8,192.9,AWD,2584.4,424.3,7.1,6.6,398.7
Mercedes,EQS 450+ (v2022),48.8,189.6,152.5,AWD,2039.5,171.4,9.8,4.9,234.1
Nissan,Ariya 63kWh (v2022),38.6,198.2,149.0,FWD,1802.3,146.3,10.2,2.7,172.4
MG,MG5 EV (v2025),74.8,227.7,171.5,AWD,2034.0,248.3,9.2,2.2,321.1
Audi,Q4 50 e-tron (v2023),78.6,219.9,178.9,FWD,2295.9,318.4,8.3,3.2,318.9
Tesla,Model S Plaid (v2021),73.8,238.6,206.1,AWD,2287.1,454.9,6.7,2.5,286.7
Audi,Q4 Sportback (v2025),64.9,200.1,155.7,FWD,2023.5,178.5,10.1,2.0,295.7
Polestar,Polestar 2 Long Range (v2022),77.5,213.9,177.0,AWD,2186.6,281.7,9.5,2.4,328.8
Rivian,R1T Quad Motor (v2025),51.3,219.7,178.6,AWD,1901.0,303.5,8.0,3.4,223.5
Chevrolet,Bolt EUV (v2021),61.6,205.4,158.2,FWD,2085.3,151.4,10.1,1.7,288.0
Hyundai,Ioniq 5 N (v2022),86.3,243.4,180.1,AWD,2435.0,371.7,7.6,2.5,327.0
Honda,e (v2021),57.6,195.5,167.5,RWD,1956.3,251.1,8.9,2.0,268.3
Ford,Mustang Mach-E ER (v2024),67.3,194.6,160.3,RWD,2016.0,159.4,9.9,2.1,309.3
Chevrolet,Bolt EUV (v2024),63.5,192.3,167.3,RWD,1762.5,237.3,9.5,2.2,317.3
Lucid,Air Touring (v2023),104.2,236.6,236.3,AWD,2325.6,683.1,3.7,4.7,408.9
Mercedes,EQB 300 (v2022),101.9,223.2,172.3,RWD,2344.0,246.3,8.7,8.7,427.7
Tesla,Model S Dual (v2021),103.6,233.9,263.6,AWD,2474.7,835.9,2.1,7.3,418.1
Mercedes,EQA 250 (v2021),104.4,226.8,178.3,FWD,2588.1,301.1,8.4,4.5,419.1
Honda,e:Ny1 (v2022),73.0,204.2,169.1,RWD,1960.4,249.8,9.6,2.5,321.2
Ford,Mustang Mach-E GT (v2025),50.2,197.5,168.6,FWD,1975.2,201.1,9.4,2.1,232.8
Audi,e-tron 55 (v2025),106.1,234.4,187.6,AWD,2461.5,354.7,7.5,4.1,419.1
Toyota,bZ4X AWD (v2025),82.6,217.7,192.0,RWD,2058.7,353.1,8.1,2.7,337.8
BYD,Song Plus EV (v2023),61.3,201.1,167.1,FWD,1989.8,231.3,9.7,3.6,287.2
Nissan,Leaf 40kWh (v2025),58.6,197.6,165.2,FWD,1906.1,228.4,9.7,1.9,261.4
Toyota,bZ3 (v2024),71.3,185.3,154.8,RWD,1986.6,192.4,9.8,2.1,348.4
Lucid,Air Grand Touring (v2024),75.4,197.8,206.9,RWD,1939.5,463.8,5.9,2.9,341.3
Volvo,XC40 Recharge (v2022),88.3,202.1,173.0,RWD,2167.9,287.6,8.4,6.4,396.5
Mercedes,EQA 250 (v2022),67.1,191.7,171.3,RWD,2071.7,233.6,9.0,2.6,312.0
Audi,RS e-tron GT (v2023),109.9,241.5,169.4,AWD,2645.5,298.8,8.4,4.8,417.4
Toyota,bZ3 (v2023),66.7,208.7,154.6,RWD,2111.2,152.7,10.1,2.8,294.0
Volkswagen,ID.3 Pro (v2025),67.3,187.0,164.1,RWD,1846.5,216.1,8.7,2.7,351.3
Porsche,Taycan Cross Turismo (v2024),66.3,212.0,190.5,AWD,1916.9,339.0,8.5,4.9,279.0
Tesla,Model Y Performance (v2022),74.9,242.3,234.6,AWD,2060.3,658.2,3.6,3.9,296.2
Volkswagen,ID.4 Pro (v2022),84.8,216.5,170.3,FWD,2244.5,293.5,8.6,6.1,348.2
Mercedes,EQC 400 (v2021),74.2,199.4,176.8,RWD,1953.3,250.0,8.9,2.3,355.0
Tesla,Model X LR (v2025),133.6,250.3,210.4,AWD,2749.4,498.1,5.8,3.5,507.8
Honda,Prologue EX (v2025),62.0,206.8,163.6,AWD,2092.0,191.1,9.4,3.0,282.3
Hyundai,Ioniq 5 N (v2022),102.7,238.6,180.3,AWD,2633.5,280.4,8.4,2.9,392.0
BYD,Song Plus EV (v2021),65.4,190.9,167.5,FWD,1838.5,279.4,8.5,3.5,316.7
Porsche,Taycan Cross Turismo (v2024),115.2,245.5,270.1,RWD,2596.0,880.0,2.1,5.8,441.5
Jaguar,I-Pace HSE (v2022),48.7,165.9,151.7,RWD,1567.8,157.4,10.6,3.5,265.8
Mercedes,EQA 250 (v2021),95.6,207.5,196.5,RWD,2153.5,406.3,7.6,2.8,410.7
BYD,Seal AWD (v2025),65.6,201.4,157.6,FWD,2038.2,149.0,10.4,1.9,300.1
Chevrolet,Silverado EV WT (v2023),78.3,225.6,165.3,AWD,2389.3,224.8,9.4,2.5,324.8
Lucid,Air Grand Touring (v2023),84.5,238.2,220.8,AWD,2396.4,546.8,5.2,3.8,336.3
Mercedes,EQA 250 (v2024),51.5,196.5,166.8,AWD,1696.4,195.6,9.5,4.2,231.1
Jaguar,I-Pace Black (v2022),107.0,221.4,205.3,FWD,2377.0,462.5,6.5,2.5,452.2
Honda,e (v2022),38.8,188.6,169.7,FWD,1605.4,168.9,10.5,1.3,185.6
Honda,Prologue Touring (v2025),67.2,204.2,160.0,FWD,2186.3,206.3,9.6,1.7,290.2
Volvo,EX30 Single Motor (v2024),72.6,199.0,173.9,FWD,1957.0,284.9,8.8,5.8,343.7
BYD,Atto 3 (v2022),69.6,196.1,182.2,FWD,1860.8,268.1,8.9,3.4,321.0
Volkswagen,ID.4 Pro (v2025),103.3,233.6,171.0,AWD,2530.7,234.6,9.2,3.6,390.3
Tesla,Model Y Performance (v2022),118.2,236.0,200.0,AWD,2543.0,460.2,6.5,3.8,445.9
Volvo,XC40 Recharge (v2023),72.0,217.2,164.9,FWD,2095.9,238.0,8.6,6.2,313.3
Lucid,Air Pure (v2022),118.2,261.7,258.1,AWD,2718.2,828.0,2.6,4.8,406.5
Kia,EV9 Light (v2021),103.9,219.0,182.1,FWD,2583.9,341.1,7.6,2.7,449.7
Honda,e:Ny1 (v2025),47.1,176.1,160.1,FWD,1818.3,189.3,9.9,2.1,246.8
Ford,Mustang Mach-E GT (v2023),63.8,188.1,159.4,RWD,1753.8,224.9,8.8,3.5,332.1
Nissan,Leaf 40kWh (v2023),69.9,182.3,163.1,RWD,1829.3,223.7,9.0,2.0,353.2
Audi,RS e-tron GT (v2023),70.6,195.3,159.3,FWD,1959.3,220.3,9.4,2.2,336.0
Ford,F-150 Lightning Standard (v2025),82.5,215.7,184.9,AWD,2138.6,333.9,8.5,3.5,351.7
Kia,EV6 GT-Line (v2023),89.2,208.6,173.6,RWD,2308.4,353.9,7.4,2.0,394.9
Rivian,R1T Dual Motor (v2024),51.9,202.1,168.9,AWD,1906.5,245.3,9.2,3.0,228.7
Chevrolet,Bolt EUV (v2021),54.4,207.5,175.1,FWD,1992.2,241.0,8.8,1.9,252.6
BYD,Seal RWD (v2023),102.1,206.4,182.8,FWD,2352.6,255.0,9.2,5.1,437.0
Rivian,R1T Performance (v2025),86.4,232.2,198.3,AWD,2208.2,421.0,7.1,5.3,334.9
MG,MG5 EV (v2022),68.6,191.2,172.8,FWD,1926.1,254.9,9.3,2.5,348.3
BMW,i4 eDrive40 (v2023),74.6,190.3,164.8,FWD,2245.8,182.0,10.1,4.3,374.6
BMW,i5 eDrive40 (v2024),70.9,219.4,159.7,AWD,2123.5,205.0,9.9,4.2,307.9
Polestar,Polestar 2 Long Range (v2025),93.4,206.6,165.9,RWD,2203.4,207.8,9.7,3.0,415.0
Jaguar,I-Pace HSE (v2022),97.8,212.0,169.7,FWD,2385.6,227.0,9.1,7.6,446.7
Hyundai,Kona Electric 64kWh (v2023),91.2,217.8,167.2,RWD,2265.8,224.3,9.5,5.8,383.5
BYD,Seal AWD (v2024),106.7,218.4,205.4,FWD,2351.2,471.6,6.7,4.4,446.0
BMW,i4 eDrive40 (v2021),89.6,214.5,187.5,AWD,2470.6,322.7,7.7,5.1,373.4
Honda,Prologue Touring (v2023),64.2,195.5,183.5,AWD,1885.1,268.6,8.8,2.8,321.0
Polestar,Polestar 2 Long Range (v2025),52.4,190.5,162.5,AWD,1810.2,207.1,9.7,1.7,259.2
Nissan,Leaf e+ (v2021),48.2,199.9,154.3,RWD,1849.1,140.8,10.2,1.6,231.5
BYD,Atto 3 (v2024),45.0,186.7,163.8,FWD,1563.5,195.7,9.6,2.4,235.6
Hyundai,Ioniq 5 N (v2024),89.9,201.2,181.8,RWD,2235.6,378.8,7.9,3.4,394.9
Kia,Niro EV (v2023),65.9,202.9,175.7,AWD,1961.6,269.7,8.7,2.4,298.7
BMW,i5 eDrive40 (v2021),69.5,209.8,152.6,RWD,1963.5,161.2,10.6,2.3,297.8
MG,MG4 EV XPOWER (v2024),74.3,195.9,161.3,AWD,2017.3,173.1,9.8,3.4,346.5
Kia,EV6 Light (v2022),58.5,198.9,151.5,FWD,1832.0,171.2,10.0,4.9,275.6
Audi,Q4 40 e-tron (v2022),71.4,206.1,169.9,FWD,2151.0,228.6,9.3,2.3,338.9
Volvo,EX30 Single Motor (v2024),89.8,214.8,183.1,FWD,2463.5,347.5,8.0,5.9,382.1
Chevrolet,Silverado EV WT (v2023),58.2,209.0,168.5,RWD,1858.2,234.7,9.0,1.9,267.1
Toyota,bZ4X AWD (v2022),92.5,204.7,192.8,RWD,2287.3,349.0,8.0,4.3,399.4
Lucid,Air Touring (v2024),139.7,208.8,209.6,RWD,2737.4,517.7,5.6,12.7,649.1
Volkswagen,ID.7 Pro (v2024),84.7,230.5,173.5,FWD,2287.8,253.2,8.9,3.2,350.8
Ford,F-150 Lightning Extended (v2021),59.7,194.5,169.7,FWD,1706.0,230.5,9.4,2.8,283.7
Hyundai,Ioniq 6 Long Range (v2025),99.0,232.0,172.3,AWD,2668.4,265.0,9.0,5.3,397.3
Tesla,Model S Plaid (v2023),93.5,235.0,193.8,AWD,2405.2,349.9,7.4,2.6,379.7
BYD,Atto 3 (v2021),49.2,189.3,157.9,RWD,1895.4,122.6,10.4,1.6,244.9
Lucid,Air Pure (v2024),98.9,264.7,239.8,AWD,2476.4,727.7,3.4,9.0,359.8
Toyota,bZ4X AWD (v2023),79.5,198.9,161.2,FWD,1964.5,203.9,9.5,3.3,361.1
BMW,iX xDrive50 (v2021),85.2,200.7,170.6,AWD,2121.1,273.1,9.2,5.0,380.8
MG,MG4 EV XPOWER (v2022),58.5,194.9,177.9,FWD,1707.7,240.3,9.6,3.2,285.2
Jaguar,I-Pace HSE (v2025),107.4,236.5,207.2,FWD,2578.1,430.8,7.1,4.3,442.9
Porsche,Taycan Cross Turismo (v2022),126.6,253.3,181.4,AWD,2952.5,387.7,7.4,3.8,489.6
Polestar,Polestar 3 Long Range (v2023),54.7,201.0,152.1,AWD,1930.8,149.1,10.0,5.1,255.7
Jaguar,I-Pace EV400 (v2023),92.3,214.1,156.6,FWD,2371.5,218.3,9.3,5.3,404.7
Honda,e:Ny1 (v2021),61.9,202.2,169.5,AWD,1868.9,199.2,9.3,1.7,299.1
Jaguar,I-Pace HSE (v2025),73.4,187.3,161.6,FWD,2075.5,211.2,9.6,2.3,351.6
Tesla,Cybertruck Tri (v2025),91.4,218.2,190.0,RWD,2287.9,376.1,7.6,2.2,369.2
MG,MG4 EV Standard (v2025),42.4,198.0,151.0,AWD,1991.2,147.6,10.1,2.3,197.7
Volkswagen,ID.5 GTX (v2025),96.2,206.4,181.6,RWD,2198.5,291.2,8.5,5.1,432.4
Porsche,Taycan Turbo (v2024),72.5,223.9,177.8,AWD,2114.9,277.6,8.4,1.8,305.6
Toyota,bZ3 (v2021),54.9,172.4,157.7,RWD,1706.8,156.8,10.5,2.0,306.2
Volvo,EX90 Twin Motor (v2025),49.3,192.9,155.5,FWD,1632.9,221.0,9.7,3.0,232.2
Polestar,Polestar 2 Standard (v2025),96.5,198.6,166.1,RWD,2273.1,229.8,8.7,5.3,437.2
Kia,EV6 GT-Line (v2025),67.4,193.5,162.5,FWD,1817.0,190.1,9.7,2.8,314.2
BMW,i5 eDrive40 (v2021),88.6,214.1,160.5,RWD,2396.4,196.9,9.9,4.2,386.0
Audi,e-tron S (v2025),101.0,232.5,175.2,AWD,2355.7,316.9,8.8,2.7,410.1
Tesla,Model 3 LR (v2022),91.6,254.0,223.2,AWD,2590.1,581.1,5.2,4.2,346.0
MG,MG4 EV XPOWER (v2022),36.4,183.5,149.4,FWD,1568.6,104.3,10.9,1.6,183.6
Porsche,Taycan Cross Turismo (v2024),102.9,219.8,206.6,RWD,2415.9,456.8,6.4,3.5,422.6
Mercedes,EQE 500 (v2022),102.2,212.6,181.5,FWD,2401.3,321.8,7.8,3.8,449.9
Chevrolet,Bolt EUV (v2023),53.8,203.0,148.0,AWD,1887.0,125.9,10.3,5.9,237.2
Nissan,Leaf 40kWh (v2022),47.6,170.1,149.2,RWD,1580.1,129.2,11.0,2.5,264.9
Volkswagen,ID.5 GTX (v2021),49.1,203.8,152.0,FWD,1929.2,155.0,9.6,2.0,227.7
Chevrolet,Silverado EV WT (v2023),97.4,228.5,189.2,AWD,2379.6,309.8,8.5,3.7,412.7
BMW,i4 eDrive35 (v2024),85.5,226.1,179.5,AWD,2350.3,317.4,7.9,4.5,369.9
BMW,i5 eDrive40 (v2023),83.4,207.9,169.0,FWD,2232.2,263.8,9.3,3.1,373.7
Audi,e-tron GT (v2023),91.0,227.2,193.4,AWD,2450.6,362.9,7.6,4.0,382.2
Polestar,Polestar 2 Long Range (v2023),96.5,213.3,165.7,AWD,2284.7,250.0,8.7,4.4,423.1
Honda,e:Ny1 (v2025),65.9,199.9,160.7,FWD,1909.5,166.7,9.9,2.8,305.8
Audi,e-tron S (v2025),78.1,214.9,166.8,AWD,2252.2,229.9,9.9,5.4,337.3
Volvo,EX90 Performance (v2024),80.9,212.0,159.3,FWD,2262.3,230.4,9.3,6.2,358.9
Volvo,EX30 Single Motor (v2021),83.1,223.7,167.9,AWD,2222.1,248.2,8.8,4.0,351.1
Tesla,Model S Dual (v2023),117.6,247.4,206.5,AWD,2741.1,473.5,6.7,6.7,459.0
Mercedes,EQB 300 (v2025),87.7,225.3,188.2,AWD,2275.2,378.6,7.4,3.3,369.5
Hyundai,Ioniq 5 N (v2024),74.5,207.7,181.7,FWD,1977.1,307.2,8.6,3.3,322.9
Lucid,Air Grand Touring (v2025),67.9,206.0,186.5,RWD,2165.2,340.6,8.2,2.2,320.7
Chevrolet,Blazer EV RS (v2022),49.0,189.3,148.4,FWD,1733.5,152.7,10.1,1.9,235.3
MG,ZS EV Long Range (v2021),72.7,208.9,183.6,FWD,2005.2,312.7,8.2,2.7,327.5
MG,MG5 EV (v2021),52.1,184.1,150.0,FWD,1679.8,118.0,10.5,4.3,270.0
Hyundai,Ioniq 5 Standard (v2021),83.6,202.5,157.7,FWD,2232.8,215.6,9.6,2.8,370.5
Polestar,Polestar 4 Dual (v2021),75.1,206.9,182.4,FWD,2044.2,314.2,8.2,4.3,352.9
Honda,e:Ny1 (v2025),65.5,200.3,174.4,FWD,2077.8,275.8,8.9,3.4,294.6
Chevrolet,Blazer EV LT (v2021),107.0,239.9,200.0,RWD,2597.8,433.2,6.5,3.6,422.9
Polestar,Polestar 2 Standard (v2021),87.0,205.1,176.9,RWD,2311.8,265.8,8.2,3.6,405.8
Volvo,C40 Recharge (v2023),98.2,229.2,161.4,AWD,2479.8,262.0,8.8,2.3,383.9
Hyundai,Ioniq 5 Long Range (v2024),73.3,237.3,163.6,AWD,2192.6,212.2,8.9,3.8,289.9
Rivian,R1T Dual Motor (v2021),49.8,187.0,177.7,RWD,1614.3,270.7,8.4,2.1,242.6
Mercedes,EQC 400 (v2025),63.3,189.9,165.4,FWD,1838.9,220.8,9.7,2.5,306.4
Volvo,EX30 Twin Motor (v2021),65.6,213.7,159.0,FWD,2159.9,183.0,9.7,2.8,299.3
Nissan,Leaf e+ (v2021),72.7,204.3,166.6,FWD,2142.8,209.3,9.0,2.5,341.9
MG,Cyberster RWD (v2022),72.2,204.4,169.5,FWD,1998.5,301.3,8.5,2.4,340.4
Chevrolet,Bolt EV (v2021),93.5,243.2,181.8,AWD,2538.7,300.5,8.2,2.4,371.1
Lucid,Air Pure (v2022),101.1,239.4,203.6,AWD,2632.3,519.4,6.2,6.9,401.6
Toyota,bZ4X FWD (v2021),77.0,208.2,174.0,RWD,2019.4,294.3,8.9,2.7,327.2
Volvo,XC40 Recharge (v2023),101.0,238.5,194.3,AWD,2651.4,375.1,7.5,3.4,398.3
Toyota,bZ4X FWD (v2024),62.5,209.4,158.3,RWD,2041.3,216.7,9.6,2.2,276.9
Volkswagen,ID.5 Pro (v2022),92.7,227.0,166.4,RWD,2273.2,279.7,8.2,6.5,379.7
Porsche,Taycan Turbo S (v2023),76.8,223.1,188.8,AWD,2104.6,373.8,8.2,2.9,310.6
Nissan,Leaf 40kWh (v2025),45.8,184.5,144.9,FWD,1865.1,104.2,10.7,1.6,238.5
Tesla,Cybertruck Dual (v2021),114.1,250.6,269.9,RWD,2657.0,860.8,2.1,3.7,404.8
Audi,Q4 40 e-tron (v2022),73.8,228.3,177.2,AWD,2195.4,320.7,8.2,2.4,303.3
Porsche,Taycan Turbo (v2023),86.4,248.5,256.7,RWD,2244.2,764.7,3.2,2.6,315.0
Volvo,XC40 Recharge (v2024),52.8,174.1,165.3,FWD,1649.7,208.2,9.4,2.2,270.8
Audi,RS e-tron GT (v2024),104.5,211.5,181.0,RWD,2451.5,338.0,8.4,3.3,436.8
Chevrolet,Silverado EV WT (v2023),68.2,209.3,167.8,AWD,2266.7,190.0,9.7,2.2,311.7
Hyundai,Ioniq EV (v2022),65.1,192.4,176.2,FWD,1972.9,242.7,9.0,3.5,309.3
Chevrolet,Blazer EV RS (v2025),98.6,219.4,203.7,RWD,2509.4,429.1,7.1,3.1,423.8
Lucid,Air Pure (v2025),113.5,237.0,212.2,AWD,2671.7,539.3,6.4,7.3,424.5
BMW,iX xDrive50 (v2021),62.5,193.7,169.0,FWD,1869.9,239.8,9.4,1.7,309.2
Polestar,Polestar 2 Long Range (v2023),85.1,229.5,185.6,AWD,2247.4,371.5,8.4,2.6,338.6
Honda,e (v2023),40.5,174.1,149.0,RWD,1604.0,156.4,10.3,1.4,220.9
Audi,e-tron S (v2023),102.2,198.8,187.6,RWD,2357.2,317.9,8.6,2.8,464.1
Ford,F-150 Lightning Standard (v2023),100.5,215.5,190.7,FWD,2481.4,341.4,7.9,3.9,434.0
Volkswagen,ID. Buzz Pro (v2024),57.5,189.4,155.9,AWD,1799.5,136.4,10.1,1.7,279.4
Toyota,bZ3 (v2023),91.5,225.7,197.0,AWD,2392.6,386.2,7.6,2.6,380.1
BYD,Atto 3 (v2023),53.4,187.8,158.5,RWD,1828.0,166.0,10.0,2.6,250.5
Toyota,bZ4X FWD (v2024),78.0,195.1,178.2,FWD,1988.5,292.1,8.4,4.3,376.0
Porsche,Macan EV Turbo (v2025),109.3,232.9,230.2,RWD,2466.2,647.5,4.4,2.7,425.7
Nissan,Townstar EV (v2021),58.0,206.4,148.1,FWD,1954.1,149.7,10.2,1.4,249.4
Volvo,EX30 Single Motor (v2022),54.8,183.9,164.7,FWD,1952.2,232.5,9.0,4.9,272.8
Toyota,bZ4X FWD (v2022),46.3,205.3,155.6,RWD,1822.7,153.7,9.5,3.3,218.3
Honda,e (v2023),49.9,194.4,157.7,FWD,1849.8,187.0,9.7,5.4,228.1
MG,MG5 EV (v2024),48.9,188.8,142.8,FWD,1633.4,180.5,9.8,2.2,233.6
Honda,e:Ny1 (v2024),73.0,190.3,156.9,RWD,1934.3,164.9,10.0,1.8,339.9
Lucid,Air Grand Touring (v2021),75.1,225.3,190.1,AWD,2177.2,425.2,7.3,3.4,295.9
BMW,iX xDrive40 (v2021),50.1,192.7,155.8,AWD,2024.9,207.5,9.7,1.4,245.2
Audi,Q8 50 e-tron (v2024),67.6,208.6,159.5,FWD,1982.8,200.7,9.6,5.2,312.1
Hyundai,Ioniq 5 Long Range (v2025),99.5,231.5,195.2,AWD,2494.2,370.3,8.0,5.2,399.3
BMW,i4 eDrive35 (v2024),66.9,200.2,163.2,FWD,2073.7,261.6,9.0,2.1,306.1
MG,ZS EV Long Range (v2022),45.5,178.6,148.3,FWD,1669.2,152.2,9.8,4.9,234.4
BMW,iX M60 (v2025),98.8,188.5,173.5,FWD,2194.2,272.8,8.8,2.7,484.7
Hyundai,Kona Electric 39kWh (v2022),57.4,214.7,155.1,AWD,1899.1,177.7,9.7,2.4,244.0
Mercedes,EQC 400 (v2023),89.7,216.6,172.8,AWD,2303.7,254.3,9.4,7.0,392.3
BMW,iX xDrive40 (v2023),83.3,196.7,165.7,RWD,2072.0,238.4,9.4,3.2,382.3
Volkswagen,ID.5 Pro (v2024),105.5,247.7,192.5,AWD,2454.9,443.3,7.1,3.7,391.6
Rivian,R1S Quad Motor (v2023),70.9,210.0,187.3,RWD,2068.0,422.8,6.5,6.9,314.2
Polestar,Polestar 3 Long Range (v2025),75.1,200.7,155.1,AWD,2121.2,166.9,9.9,4.8,357.7
Mercedes,EQE 500 (v2023),97.6,222.5,176.5,RWD,2482.1,262.9,9.2,6.0,401.1
Toyota,bZ4X AWD (v2022),54.2,185.0,160.7,RWD,1714.1,199.8,9.3,4.8,279.1
Volvo,EX90 Performance (v2025),91.4,208.5,164.0,RWD,2387.1,230.2,9.3,6.5,391.3
Volvo,EX90 Performance (v2025),84.3,230.1,173.8,AWD,2329.6,245.9,8.8,8.1,333.7
Hyundai,Ioniq 5 Long Range (v2024),95.7,219.1,197.2,FWD,2376.0,427.3,7.2,3.5,387.3
Ford,F-150 Lightning Standard (v2021),68.1,213.0,164.2,AWD,2182.6,268.1,8.8,2.3,287.3
Lucid,Air Sapphire (v2024),109.2,258.2,275.0,AWD,2539.0,880.0,2.1,6.4,376.0
Toyota,bZ4X FWD (v2021),83.0,222.1,179.0,AWD,2086.9,318.5,8.0,3.3,365.2
Volkswagen,ID.4 Pro (v2022),46.0,180.9,160.8,RWD,1629.1,171.3,9.8,4.7,243.3
Volkswagen,ID.4 GTX (v2025),89.1,228.5,178.7,AWD,2227.7,358.3,8.6,2.2,359.2
Volkswagen,ID.5 GTX (v2025),55.1,205.9,154.5,FWD,1954.4,166.6,10.4,2.2,257.5
Toyota,bZ4X FWD (v2023),47.8,176.6,158.6,FWD,1909.4,163.2,10.3,2.3,242.5
Ford,E-Transit (v2024),92.3,218.2,168.5,AWD,2435.3,210.5,9.5,2.9,381.1
BMW,iX M60 (v2021),95.6,211.9,190.2,RWD,2438.8,336.7,8.1,6.1,409.6
Honda,e (v2024),67.5,199.0,173.3,FWD,2081.0,261.7,9.3,1.8,321.4
Mercedes,EQS SUV 450 (v2023),105.4,208.0,208.2,RWD,2405.5,465.7,6.6,7.6,447.1
BMW,iX xDrive50 (v2024),46.9,193.1,152.7,FWD,1710.1,133.2,10.8,1.8,228.8
BMW,i4 eDrive35 (v2021),65.2,219.5,177.1,AWD,2111.3,278.3,8.7,2.1,264.0
Volvo,EX90 Twin Motor (v2024),50.9,193.5,150.1,FWD,1757.7,127.9,10.9,1.6,246.6
Polestar,Polestar 2 Long Range (v2024),65.7,213.5,176.1,RWD,2060.5,265.7,9.1,4.2,289.3
Lucid,Air Grand Touring (v2022),136.6,264.1,222.7,AWD,2762.2,623.4,4.4,6.8,486.2
Rivian,R1T Quad Motor (v2021),106.6,254.2,239.4,AWD,2590.1,629.4,4.4,6.9,400.2
Rivian,R1T Dual Motor (v2021),48.5,208.0,178.8,AWD,1960.8,301.9,8.1,2.0,215.0
Jaguar,I-Pace Black (v2022),46.9,201.1,149.0,FWD,1899.4,104.0,10.6,1.7,205.1
Porsche,Taycan Base (v2022),131.5,253.4,236.9,AWD,2799.6,680.3,4.3,3.8,485.5
MG,ZS EV Standard (v2023),60.7,193.6,180.5,FWD,2066.0,257.1,8.9,4.2,286.7
Rivian,R1T Dual Motor (v2025),47.5,198.5,166.3,RWD,1776.4,185.6,9.8,2.3,228.3
Rivian,R1S Quad Motor (v2025),50.6,192.2,175.2,RWD,1717.8,223.9,9.7,2.7,232.4
Jaguar,I-Pace Black (v2021),94.2,199.4,168.8,RWD,2218.6,255.2,8.9,2.6,456.0
Volkswagen,ID.7 Pro (v2021),62.5,196.3,164.4,FWD,1943.8,224.6,8.6,2.6,290.9
BMW,i4 eDrive35 (v2021),63.5,181.2,171.0,RWD,1753.6,231.0,8.8,2.1,334.7
BMW,i4 eDrive35 (v2023),98.4,213.9,199.8,FWD,2376.9,408.0,7.7,9.6,406.6
Polestar,Polestar 2 Long Range (v2025),105.1,225.4,194.6,RWD,2422.8,382.3,8.2,2.8,434.5
Lucid,Air Grand Touring (v2025),64.2,206.3,177.9,RWD,2071.4,305.7,8.5,2.7,293.2
Toyota,bZ3 (v2021),101.8,201.0,165.9,RWD,2407.1,228.9,9.7,2.8,467.1
BYD,Dolphin Standard (v2023),92.3,214.6,171.4,RWD,2375.4,302.9,8.0,2.4,415.0
Ford,F-150 Lightning Extended (v2022),78.8,202.7,168.5,FWD,2207.0,188.9,10.5,2.5,380.5
Lucid,Air Grand Touring (v2023),84.4,208.2,183.8,RWD,2134.0,321.8,8.1,3.9,396.5
BMW,iX M60 (v2025),65.5,203.2,161.1,RWD,1985.2,157.8,10.1,3.4,314.7
BMW,i5 eDrive40 (v2021),57.6,204.4,163.0,AWD,1860.5,170.5,10.0,3.2,269.7
BYD,Han EV (v2022),75.9,198.3,167.5,FWD,2026.1,213.6,9.9,2.8,337.4
Nissan,Ariya 63kWh (v2021),62.2,196.9,170.1,RWD,1995.2,271.7,8.1,3.1,290.2
Hyundai,Ioniq 5 Standard (v2023),83.0,212.7,179.5,FWD,2006.6,297.8,7.9,3.6,382.2
Porsche,Taycan Base (v2021),73.1,234.3,186.6,AWD,2343.0,323.2,8.3,2.6,299.1
Kia,Niro EV (v2023),53.3,213.5,162.1,AWD,2083.7,206.1,9.4,3.2,242.5
Ford,Mustang Mach-E SR (v2025),70.3,203.2,166.3,FWD,2205.0,223.7,9.1,3.9,332.2
Kia,EV6 Wind (v2024),71.9,203.0,170.3,FWD,1942.0,239.5,9.6,5.9,332.3
Chevrolet,Blazer EV RS (v2021),72.1,205.2,173.0,FWD,1991.5,301.1,8.5,3.1,341.0
MG,ZS EV Long Range (v2022),43.1,180.3,147.4,RWD,1602.0,170.5,9.8,1.9,224.9
Kia,EV6 GT (v2023),101.4,214.7,187.9,AWD,2295.0,414.0,7.5,3.8,458.3
Audi,Q8 50 e-tron (v2022),97.9,229.5,187.8,RWD,2484.6,393.0,7.8,2.5,412.1
Volvo,EX90 Twin Motor (v2021),75.6,211.5,156.6,AWD,2383.7,224.2,8.9,2.6,349.2
Toyota,bZ4X AWD (v2023),62.5,194.1,168.0,FWD,1967.5,225.2,9.6,3.6,308.7
Mercedes,EQE 500 (v2025),50.3,174.9,151.4,RWD,1746.6,175.5,9.9,1.5,275.7
Nissan,Leaf e+ (v2024),41.1,196.1,150.4,AWD,1592.0,135.1,10.7,1.8,190.5
BYD,Tang EV (v2022),100.4,241.8,187.0,AWD,2663.4,386.4,7.9,2.8,395.8
Volkswagen,ID.5 GTX (v2022),61.4,218.0,155.6,RWD,1865.2,137.9,10.4,2.0,262.5
Audi,Q6 e-tron (v2021),48.4,186.0,162.6,FWD,1729.2,175.8,10.1,2.6,252.5
Honda,Prologue Touring (v2021),62.8,206.9,150.4,FWD,2042.6,173.5,9.5,6.4,274.5
Hyundai,Ioniq 5 N (v2023),79.4,193.2,163.5,FWD,2178.1,229.0,9.6,2.4,382.5
Toyota,bZ3 (v2025),87.1,213.3,188.8,RWD,2235.8,315.7,7.6,3.4,387.9
Kia,EV6 GT (v2023),98.7,222.0,183.0,FWD,2530.0,318.4,8.5,4.2,429.3
Kia,EV6 GT (v2025),50.9,183.3,158.1,FWD,1810.9,168.0,9.9,2.0,264.7
Audi,e-tron GT (v2021),55.4,191.0,165.9,FWD,1816.1,172.9,10.5,1.6,258.1
Lucid,Air Sapphire (v2023),135.3,262.2,259.6,RWD,2849.4,880.0,2.1,7.1,470.0
Kia,EV6 Wind (v2024),103.6,237.7,177.4,AWD,2748.3,258.2,8.9,3.7,407.5
Toyota,bZ4X FWD (v2023),54.1,204.4,160.2,AWD,2030.4,169.8,10.1,2.3,251.3
BMW,i5 M60 (v2024),58.7,203.1,156.8,RWD,2063.2,174.4,10.1,3.2,255.0
Chevrolet,Blazer EV LT (v2023),83.6,223.4,164.8,AWD,2393.4,224.8,9.3,2.8,333.5
BYD,Dolphin Standard (v2021),79.1,203.7,177.6,AWD,2109.3,275.1,8.5,3.5,379.1
Ford,F-150 Lightning Standard (v2023),103.1,232.4,203.3,RWD,2429.2,451.1,6.3,2.6,407.5
Volkswagen,ID. Buzz Pro (v2022),99.1,224.6,192.0,AWD,2576.0,334.9,7.9,4.2,391.5
Ford,Mustang Mach-E GT (v2025),59.5,211.3,163.4,FWD,1992.9,190.7,10.0,2.0,274.5
Porsche,Macan EV Turbo (v2021),83.8,231.0,213.0,AWD,2235.2,514.0,5.9,3.5,354.5
Mercedes,EQE SUV 350 (v2024),55.8,206.8,160.5,RWD,2040.0,135.0,10.5,1.8,251.9
Chevrolet,Blazer EV LT (v2021),94.5,232.3,167.6,AWD,2573.3,270.0,9.1,2.9,394.2
MG,MG4 EV Standard (v2021),49.6,205.0,153.3,RWD,1910.5,195.3,9.2,1.7,217.8
Rivian,R1T Dual Motor (v2025),84.7,227.4,184.5,AWD,2129.6,381.6,7.5,2.5,339.8
Toyota,bZ4X AWD (v2022),93.8,209.0,186.9,FWD,2257.9,359.5,7.5,5.6,426.6
BYD,Atto 3 (v2021),106.6,229.3,206.6,FWD,2372.9,479.8,6.8,6.9,446.7
Jaguar,I-Pace HSE (v2022),104.6,220.1,200.4,RWD,2540.3,403.9,6.9,2.7,434.4
Volkswagen,ID.3 Pro (v2022),67.7,193.0,154.0,RWD,2101.3,164.0,10.4,2.6,335.7
Audi,Q8 50 e-tron (v2025),82.5,202.5,164.0,AWD,2436.5,219.8,9.0,2.0,361.0
Honda,e:Ny1 (v2021),72.0,195.8,167.7,FWD,2190.6,245.2,9.0,2.0,342.1
Jaguar,I-Pace Black (v2025),47.5,200.2,151.3,AWD,1810.3,161.6,9.9,1.9,211.9
Chevrolet,Silverado EV WT (v2022),100.7,212.3,180.6,RWD,2250.9,325.7,8.0,4.3,443.9
Volvo,EX30 Single Motor (v2021),98.1,212.7,176.9,RWD,2254.6,262.1,9.4,3.3,427.6
BYD,Han EV (v2022),64.8,205.6,158.3,AWD,2027.5,157.4,10.1,2.7,296.2
Rivian,R1S Dual Motor (v2021),50.2,215.5,178.4,AWD,1976.0,335.9,7.8,3.0,206.5
Rivian,R1T Dual Motor (v2022),87.7,235.0,210.1,AWD,2368.0,482.5,6.2,7.0,360.2
BYD,Han EV (v2022),75.2,208.8,175.2,RWD,2278.8,282.9,8.6,6.0,331.9
Tesla,Model S Plaid (v2023),129.1,254.4,268.0,AWD,2776.9,868.8,2.1,6.1,462.8
Lucid,Air Grand Touring (v2023),138.5,259.1,248.4,AWD,2890.0,703.4,4.1,6.0,505.8
BMW,i5 M60 (v2022),87.7,210.9,177.7,RWD,2124.6,271.9,9.2,3.6,396.8
Kia,EV9 GT-Line (v2021),64.5,200.5,161.2,RWD,1916.5,244.3,9.1,5.6,309.0
Chevrolet,Blazer EV RS (v2021),68.4,219.7,172.9,AWD,2274.1,190.8,10.1,6.4,283.6
Nissan,Ariya 63kWh (v2023),38.7,190.5,154.9,AWD,1641.2,120.3,10.3,2.9,189.3
Porsche,Macan EV Turbo (v2022),113.3,229.1,228.3,RWD,2394.5,576.4,5.2,6.6,459.3
Volvo,C40 Recharge (v2025),84.6,227.2,192.6,AWD,2223.5,336.8,7.9,2.6,361.9
Ford,Mustang Mach-E SR (v2024),95.2,203.1,198.6,RWD,2207.7,377.6,7.6,5.2,432.4
Toyota,bZ3 (v2021),91.8,201.9,179.3,FWD,2117.5,339.6,8.7,4.6,425.5
BMW,i5 M60 (v2022),79.5,214.6,164.8,FWD,2107.3,225.0,9.4,3.8,352.7
BMW,i4 M50 (v2024),89.8,217.5,178.1,AWD,2470.1,294.6,8.1,2.9,402.8
Rivian,R1S Dual Motor (v2024),67.9,210.2,183.5,RWD,2187.1,332.6,8.0,2.3,299.5
Volvo,EX30 Single Motor (v2024),105.3,240.3,180.2,AWD,2581.0,338.2,8.3,3.2,402.0
Kia,EV6 Light (v2021),78.0,226.1,168.2,AWD,2200.4,305.0,8.1,2.2,316.3
Toyota,bZ4X AWD (v2025),54.6,188.7,152.6,RWD,1696.2,121.9,10.2,1.8,259.2
Rivian,R1S Quad Motor (v2023),48.1,222.0,185.9,AWD,1989.9,358.8,7.8,4.4,195.5
Chevrolet,Bolt EV (v2024),106.1,223.7,191.0,RWD,2498.4,380.0,7.0,3.5,419.0
BYD,Seal RWD (v2022),109.4,210.1,188.5,RWD,2353.3,408.4,7.5,3.4,468.9
Kia,Niro EV (v2024),95.9,232.6,188.5,AWD,2355.8,348.1,8.0,9.8,403.7
Honda,e:Ny1 (v2025),36.5,178.3,153.4,FWD,1516.7,150.5,10.1,2.2,199.4
Kia,EV6 GT (v2022),106.3,236.6,194.1,AWD,2466.1,428.4,6.8,6.6,423.5
Nissan,Townstar EV (v2022),35.8,175.2,144.3,RWD,1598.0,127.1,10.9,1.9,199.3
Kia,EV6 Light (v2023),103.3,241.3,202.2,AWD,2675.0,453.6,6.3,5.3,415.2
Toyota,bZ3 (v2024),61.3,195.7,149.2,FWD,1953.9,164.2,10.4,2.1,299.5
Porsche,Taycan Cross Turismo (v2023),125.3,248.2,246.6,AWD,2889.7,751.6,3.5,4.1,480.2
MG,ZS EV Standard (v2023),45.2,202.5,145.9,AWD,1745.6,131.4,9.9,2.8,202.5
Lucid,Air Grand Touring (v2025),61.5,214.3,174.2,AWD,2096.3,311.1,8.6,2.5,267.1
Lucid,Air Grand Touring (v2023),91.9,232.4,229.2,AWD,2243.3,628.5,4.8,3.8,382.0
Chevrolet,Blazer EV LT (v2023),53.7,212.4,166.1,AWD,1779.6,210.8,9.9,3.4,231.7
Tesla,Model 3 SR (v2025),77.5,202.3,177.2,RWD,2150.1,308.0,8.3,2.3,344.5
Lucid,Air Sapphire (v2022),120.4,263.1,225.7,AWD,2795.7,594.8,5.0,6.6,439.0
Audi,Q6 e-tron (v2024),102.4,232.8,184.0,RWD,2618.3,325.3,8.6,3.0,408.5
Volkswagen,ID.5 GTX (v2022),49.7,193.4,154.0,RWD,1611.1,157.0,10.3,1.7,239.9
Jaguar,I-Pace HSE (v2024),50.2,202.3,153.4,RWD,1815.0,178.4,9.7,2.8,229.4
Porsche,Taycan 4S (v2021),100.6,252.3,258.1,AWD,2521.2,857.8,2.1,3.1,370.3
Audi,Q4 50 e-tron (v2025),63.0,207.5,155.7,FWD,1947.0,201.1,9.2,2.7,274.4
Tesla,Model Y Performance (v2024),91.4,242.8,216.8,AWD,2319.4,529.6,6.1,2.7,337.0
Volkswagen,ID.4 GTX (v2025),95.9,227.2,177.3,AWD,2437.2,303.2,8.3,2.7,394.4
Volkswagen,ID.5 GTX (v2025),92.0,233.1,184.9,AWD,2493.4,371.4,7.5,3.9,351.6
Toyota,bZ3 (v2024),67.2,191.5,168.1,RWD,2006.9,277.6,8.9,2.7,310.1
Rivian,R1S Quad Motor (v2024),69.6,230.3,222.6,RWD,2141.3,602.2,5.4,3.2,287.4
Nissan,Leaf 40kWh (v2021),38.3,200.3,161.9,AWD,1848.7,119.0,10.6,1.2,182.0
Volkswagen,ID.3 Pro S (v2024),72.6,209.4,181.1,RWD,2060.6,317.3,8.4,2.5,333.1
Chevrolet,Equinox EV (v2022),76.9,197.6,162.5,FWD,2037.7,228.4,9.1,6.7,345.6
Volkswagen,ID.4 Pro (v2021),51.5,199.7,152.8,RWD,1895.7,146.0,10.0,2.2,230.9
Polestar,Polestar 2 Performance (v2024),46.5,186.4,150.9,RWD,1673.6,181.5,9.7,1.6,228.0
MG,ZS EV Standard (v2025),48.4,204.8,161.5,AWD,1784.4,195.4,9.4,1.9,217.2
BMW,i7 xDrive60 (v2023),106.0,213.1,171.7,RWD,2325.8,254.5,8.7,2.9,478.9
BYD,Song Plus EV (v2022),64.1,188.2,160.8,RWD,2078.5,151.3,10.4,2.7,309.0
Honda,e:Ny1 (v2022),40.8,191.0,146.9,FWD,1739.7,91.9,11.6,1.2,204.4
MG,ZS EV Long Range (v2023),36.0,192.1,147.4,AWD,1639.6,135.2,10.1,1.3,182.6
Toyota,bZ4X AWD (v2023),64.4,209.3,182.4,FWD,2098.6,289.7,7.9,3.2,294.9
Polestar,Polestar 2 Standard (v2023),46.9,195.1,157.8,FWD,1889.3,183.7,9.5,4.3,220.1
Ford,E-Transit (v2024),97.8,205.9,191.1,FWD,2220.3,385.4,7.2,6.2,453.1
Polestar,Polestar 2 Standard (v2025),105.3,219.7,165.0,RWD,2626.4,253.3,9.0,3.7,428.8
Lucid,Air Sapphire (v2021),128.5,249.1,222.3,AWD,2701.5,599.5,4.7,6.8,489.8
Audi,Q8 55 e-tron (v2022),108.3,221.0,203.0,FWD,2381.2,443.1,6.3,3.6,451.3
Rivian,R1S Dual Motor (v2025),86.9,235.3,197.2,AWD,2392.2,433.0,6.6,7.8,325.2
Toyota,bZ4X FWD (v2024),82.9,229.2,169.5,AWD,2471.4,245.8,8.9,3.6,341.4
Lucid,Air Sapphire (v2023),61.8,186.5,163.1,RWD,1725.5,229.7,9.4,2.0,309.5
Porsche,Taycan Base (v2021),118.2,274.7,266.0,AWD,2805.7,880.0,2.2,4.3,388.5
Mercedes,EQA 250 (v2021),63.1,221.2,177.4,FWD,2005.1,268.7,8.8,2.3,255.5
Kia,EV6 GT-Line (v2024),60.6,199.5,160.2,FWD,1914.2,212.8,9.7,2.9,287.4
Porsche,Taycan Cross Turismo (v2022),79.5,222.9,200.4,RWD,2294.3,424.2,6.9,3.0,344.8
Porsche,Taycan Base (v2022),130.9,265.6,238.6,AWD,2973.7,648.7,4.2,4.6,439.8
Kia,EV9 GT-Line (v2021),46.0,204.6,159.8,AWD,1963.9,184.6,10.3,1.4,211.9
Hyundai,Ioniq 5 Long Range (v2024),105.9,236.0,197.8,AWD,2674.7,387.6,7.4,3.0,394.8
Tesla,Model Y Performance (v2024),111.6,250.1,204.8,AWD,2658.9,488.0,6.1,4.4,413.1
BYD,Dolphin Standard (v2023),108.4,222.9,188.8,FWD,2577.1,342.5,8.3,11.1,448.7
Nissan,Ariya 87kWh (v2025),71.6,222.1,184.7,AWD,2351.8,321.8,8.7,4.0,310.1
Mercedes,EQE SUV 350 (v2021),100.7,214.5,187.5,FWD,2446.0,341.5,8.2,3.0,430.8
Porsche,Macan EV Turbo (v2022),67.3,229.3,223.3,AWD,1909.2,599.1,5.5,2.7,266.2
Lucid,Air Sapphire (v2025),69.4,210.4,200.9,RWD,2155.3,459.0,6.7,5.0,295.5
Volvo,C40 Recharge (v2021),61.0,196.6,176.3,RWD,1984.1,256.7,8.9,2.6,286.4
Polestar,Polestar 4 Dual (v2025),54.2,171.8,155.3,FWD,1629.2,185.6,9.7,2.1,283.3
Hyundai,Ioniq 5 N (v2025),91.0,229.9,194.6,AWD,2302.0,402.7,7.5,3.6,351.1
Audi,e-tron GT (v2021),79.4,227.2,183.1,AWD,2393.3,333.4,8.2,2.1,338.4
Nissan,Leaf 40kWh (v2023),71.6,221.0,170.0,AWD,2076.3,268.9,8.9,2.2,301.8
Nissan,Townstar EV (v2023),73.3,192.5,178.2,FWD,1878.4,322.8,8.5,2.5,342.6
Nissan,Ariya 63kWh (v2023),64.2,202.9,166.8,RWD,2150.2,241.6,9.4,2.8,298.9
Polestar,Polestar 2 Standard (v2023),59.7,186.3,160.5,RWD,1703.3,210.3,9.3,2.1,283.0
Kia,Niro EV (v2021),49.4,202.2,157.1,AWD,1802.3,163.0,10.0,2.4,231.4
Volkswagen,ID.3 Pro (v2021),58.7,194.3,166.8,FWD,1713.7,168.2,10.3,3.3,274.1
Audi,Q4 50 e-tron (v2025),56.5,212.8,160.3,FWD,2005.7,220.9,10.1,1.8,240.7
Rivian,R1S Dual Motor (v2022),64.3,223.2,176.4,AWD,1987.5,308.0,8.6,2.0,276.2
Kia,EV9 Light (v2021),66.3,236.0,175.3,AWD,2216.7,296.6,8.5,3.5,264.4
MG,MG4 EV Standard (v2023),44.2,204.4,151.2,AWD,1622.9,159.8,10.2,1.9,194.8
Toyota,bZ4X FWD (v2021),72.9,212.8,164.0,FWD,2056.5,183.6,9.8,7.2,311.7
Lucid,Air Touring (v2022),92.2,258.1,238.5,AWD,2548.9,691.0,3.4,5.8,344.4
Tesla,Model X Plaid (v2024),101.5,260.1,275.0,AWD,2540.7,880.0,2.1,2.5,345.6
Kia,EV6 Light (v2021),100.4,244.3,183.1,AWD,2679.3,331.5,7.7,3.4,372.5
Ford,Mustang Mach-E ER (v2025),45.3,184.9,150.3,FWD,1787.7,157.0,10.4,3.6,227.2
Toyota,bZ3 (v2024),80.8,201.7,169.3,FWD,2068.1,291.9,8.5,6.0,392.1
Jaguar,I-Pace EV400 (v2021),52.4,187.2,156.1,FWD,1617.9,127.8,10.7,2.3,268.0
Honda,e:Ny1 (v2024),67.9,200.5,165.3,RWD,2191.9,213.7,9.4,3.3,299.5
MG,ZS EV Long Range (v2022),72.2,198.0,171.4,FWD,2135.4,213.6,9.9,2.4,342.8
Rivian,R1T Performance (v2023),72.2,211.4,219.7,RWD,1968.7,567.9,5.2,1.9,314.4
Audi,Q4 Sportback (v2022),77.2,206.9,157.4,AWD,2204.8,206.5,9.5,3.5,339.4
Polestar,Polestar 2 Standard (v2024),46.1,190.3,166.1,RWD,1854.5,194.8,9.6,2.4,222.9
Lucid,Air Pure (v2025),107.0,227.5,270.2,RWD,2367.8,861.9,2.1,3.1,460.2
BYD,Dolphin Extended (v2024),71.6,221.2,178.7,AWD,2185.8,317.7,8.6,7.2,288.6
Lucid,Air Grand Touring (v2023),80.2,227.4,197.4,AWD,2171.2,437.5,6.7,2.4,326.8
Polestar,Polestar 2 Standard (v2024),99.0,216.7,168.6,FWD,2329.5,281.9,8.2,8.5,436.4
Tesla,Model S Dual (v2022),100.1,238.8,217.6,AWD,2478.5,529.6,5.7,3.4,379.6
Volkswagen,ID.4 GTX (v2021),68.4,193.5,163.4,AWD,2106.1,234.8,9.5,1.6,320.6
Rivian,R1T Performance (v2025),52.8,197.7,163.4,AWD,1749.0,246.4,9.3,1.8,235.2
Lucid,Air Pure (v2025),94.8,246.9,241.8,AWD,2277.2,730.4,4.1,8.7,375.5
Volkswagen,ID.3 Pro (v2024),76.4,221.0,165.7,AWD,2100.6,211.1,9.1,4.2,335.8
Tesla,Model S Dual (v2022),123.3,269.7,269.6,AWD,2768.0,880.0,2.1,3.3,446.6
Audi,RS e-tron GT (v2022),53.9,201.6,166.1,FWD,1844.1,193.6,9.8,2.9,243.0
Mercedes,EQA 250 (v2021),48.7,188.6,154.1,RWD,1741.1,196.4,9.2,2.0,228.1
Hyundai,Ioniq 5 Long Range (v2023),90.5,211.3,181.3,RWD,2118.6,328.3,8.0,2.6,403.6
Nissan,Ariya 63kWh (v2024),61.2,199.2,174.2,FWD,1865.3,272.9,8.9,1.5,280.2
BYD,Dolphin Extended (v2025),101.7,207.3,196.8,FWD,2474.7,432.1,6.8,5.6,475.6
Volvo,EX90 Performance (v2025),57.3,191.5,162.3,RWD,1742.8,212.1,9.5,1.8,283.0
Polestar,Polestar 4 Dual (v2023),106.5,208.0,178.7,RWD,2368.1,297.1,8.2,3.7,485.3
MG,MG5 EV (v2021),39.6,183.5,157.5,RWD,1841.5,114.6,11.0,2.0,206.2
Tesla,Model Y LR (v2023),122.3,263.9,219.5,AWD,2823.2,613.3,5.1,4.3,409.6
Rivian,R1S Quad Motor (v2021),99.7,251.0,243.9,AWD,2614.4,699.2,4.4,7.9,365.2
Lucid,Air Pure (v2024),97.4,239.6,206.0,AWD,2475.0,399.7,6.8,2.7,395.8
Audi,Q4 Sportback (v2021),109.1,246.0,194.8,AWD,2630.6,384.7,7.6,4.3,422.4
Ford,E-Transit (v2021),50.1,188.9,145.1,RWD,1691.3,147.4,10.9,3.3,236.0
BYD,Tang EV (v2021),108.5,220.4,175.8,RWD,2415.5,278.2,8.6,8.7,461.9
Tesla,Model Y Performance (v2022),118.9,226.3,265.1,RWD,2439.1,823.8,2.2,3.8,497.3
Polestar,Polestar 4 Dual (v2023),65.9,211.0,156.0,AWD,1869.8,159.2,9.9,2.3,284.0
Jaguar,I-Pace EV400 (v2023),70.8,216.2,173.6,AWD,2006.1,305.9,8.2,3.2,310.6
Volkswagen,ID.5 GTX (v2024),91.9,236.9,190.2,AWD,2405.8,379.0,7.0,2.3,347.0
MG,MG4 EV XPOWER (v2023),51.3,186.6,155.8,RWD,1717.5,188.3,10.1,1.5,267.0
Volvo,EX30 Twin Motor (v2024),50.5,200.3,165.7,RWD,1942.8,216.5,9.6,2.6,236.2
Audi,Q6 e-tron (v2022),105.5,237.3,204.4,AWD,2598.3,462.9,6.7,4.8,425.2
MG,ZS EV Long Range (v2024),36.1,171.5,142.8,FWD,1456.5,93.9,10.9,2.3,203.8
Mercedes,EQE 350+ (v2025),84.9,214.2,179.9,RWD,2315.5,293.2,8.9,4.1,360.5
Audi,RS e-tron GT (v2023),57.9,199.6,161.6,FWD,1966.8,209.1,9.4,5.8,255.2
Toyota,bZ3 (v2023),68.4,193.5,161.3,RWD,1921.5,177.8,9.6,2.9,339.9
Audi,e-tron S (v2021),75.8,222.0,172.3,RWD,2194.8,300.0,8.6,5.8,321.2
Hyundai,Ioniq 5 N (v2024),108.9,206.9,185.3,FWD,2461.2,289.6,8.5,5.7,474.1
Chevrolet,Blazer EV RS (v2022),96.6,201.8,177.0,FWD,2397.1,234.7,8.9,2.5,454.0
Volkswagen,ID.3 Pro (v2023),54.7,182.9,155.0,RWD,1814.0,155.5,10.3,2.8,270.1
Audi,RS e-tron GT (v2023),87.5,228.9,187.5,FWD,2384.0,379.9,8.0,7.5,352.6
Tesla,Cybertruck Tri (v2024),94.8,242.6,211.5,AWD,2481.0,486.6,6.3,3.5,365.5
Volkswagen,ID.3 Pro (v2022),95.9,228.1,170.7,AWD,2499.4,248.0,9.1,2.3,406.8
Hyundai,Kona Electric 64kWh (v2022),101.2,238.5,197.3,AWD,2543.1,411.7,6.9,2.9,396.7
Volkswagen,ID.3 Pro (v2022),70.2,196.2,156.2,RWD,2072.6,163.5,10.4,3.0,348.4
Rivian,R1S Dual Motor (v2023),81.7,220.3,187.7,AWD,2429.5,387.8,7.0,7.0,349.5
Kia,EV6 GT (v2021),46.2,192.0,141.1,RWD,1829.7,129.8,10.6,2.4,213.8
Volvo,C40 Recharge (v2021),90.9,226.3,189.5,RWD,2476.0,386.9,7.4,5.1,356.1
Audi,Q6 e-tron (v2021),105.2,223.5,175.7,RWD,2591.1,309.7,8.5,2.7,418.7
Kia,Niro EV (v2024),52.7,203.4,159.0,AWD,1837.3,181.7,9.5,2.2,242.7
Polestar,Polestar 2 Long Range (v2022),102.0,220.3,187.0,FWD,2552.7,369.3,7.8,3.3,422.3
Polestar,Polestar 4 Dual (v2022),81.4,218.4,174.2,AWD,2287.0,260.1,8.9,2.5,332.2
Kia,Niro EV (v2021),61.9,213.9,168.8,FWD,2025.2,188.3,9.7,2.8,283.0
Volvo,EX30 Single Motor (v2021),108.8,227.7,202.8,RWD,2517.2,471.4,7.1,5.4,448.5
Mercedes,EQS 450+ (v2021),55.8,189.4,164.7,RWD,1708.8,213.5,9.4,2.5,267.0
Lucid,Air Sapphire (v2025),125.4,257.4,265.2,AWD,2887.1,847.2,2.1,6.8,462.7
Audi,Q4 50 e-tron (v2025),83.8,224.5,191.2,AWD,2174.6,372.3,7.7,1.9,336.4
Porsche,Taycan Turbo S (v2022),76.1,225.4,200.9,AWD,2310.5,459.0,6.4,6.0,314.8
Honda,e:Ny1 (v2025),42.9,169.5,157.2,RWD,1747.6,161.8,10.3,1.4,226.8
Volvo,EX90 Twin Motor (v2022),46.8,195.4,153.1,RWD,1639.9,179.3,9.9,2.9,229.9
Porsche,Taycan Base (v2023),118.1,241.3,266.8,RWD,2804.5,828.0,2.1,7.2,433.8
Polestar,Polestar 3 Long Range (v2021),83.6,204.4,160.8,RWD,2211.8,202.8,9.4,5.3,375.8
Porsche,Taycan 4S (v2023),118.1,253.8,239.2,AWD,2812.2,680.4,4.2,3.4,436.1
Hyundai,Ioniq 6 Long Range (v2021),107.1,235.8,182.6,AWD,2780.6,325.1,7.8,3.2,424.9
BMW,i4 eDrive35 (v2023),68.2,199.3,161.7,AWD,2091.8,198.0,9.2,1.7,323.3
Ford,Mustang Mach-E SR (v2024),76.6,204.1,157.4,FWD,1991.6,203.6,9.7,1.9,334.7
Rivian,R1T Dual Motor (v2024),61.3,226.4,183.7,AWD,1950.0,314.6,8.0,3.1,245.6
Toyota,bZ4X FWD (v2025),54.6,205.4,157.9,FWD,1913.8,211.4,9.2,2.1,238.6
Polestar,Polestar 2 Performance (v2022),62.3,199.1,165.7,FWD,1766.4,186.7,9.6,1.5,293.4
Volkswagen,ID.4 GTX (v2024),108.0,218.5,179.4,RWD,2355.2,341.6,8.3,6.8,479.6
Polestar,Polestar 4 Dual (v2024),107.2,217.8,179.8,RWD,2641.6,335.6,7.8,11.1,460.1
MG,MG4 EV Standard (v2022),55.7,197.1,162.5,FWD,1731.3,191.2,9.8,2.5,266.5
Nissan,Townstar EV (v2024),62.2,188.8,153.5,FWD,2025.9,153.2,10.1,2.2,304.1
Volkswagen,ID.3 Pro (v2023),74.1,201.3,148.0,RWD,2139.6,171.6,9.9,1.8,335.9
BYD,Dolphin Extended (v2022),72.1,226.6,157.5,AWD,2258.5,210.0,9.0,3.1,297.9
Toyota,bZ4X AWD (v2022),101.4,208.8,161.3,FWD,2475.3,227.8,9.0,4.6,445.9
Mercedes,EQC 400 (v2025),45.2,197.5,162.0,AWD,1857.1,155.2,10.3,3.3,219.7
Hyundai,Ioniq 5 Standard (v2022),92.7,199.1,182.3,FWD,2280.8,298.9,8.6,2.9,418.1
BMW,iX M60 (v2021),92.1,232.9,182.8,AWD,2425.1,281.1,8.5,3.8,374.9
BMW,i4 eDrive35 (v2024),106.8,231.3,193.8,FWD,2540.5,428.6,6.5,3.2,409.8
Hyundai,Ioniq 5 Long Range (v2021),105.7,243.0,195.8,AWD,2467.5,400.2,7.4,4.8,394.1
Chevrolet,Equinox EV (v2025),58.1,185.8,166.0,RWD,1832.1,193.7,9.5,1.8,287.7
Kia,EV9 GT-Line (v2025),74.6,212.4,148.0,AWD,2297.9,164.8,10.0,2.9,333.9
Tesla,Model X Plaid (v2023),65.2,193.0,178.1,RWD,2058.2,309.0,8.4,3.5,298.9
Nissan,Ariya e-4ORCE (v2024),50.5,192.2,156.4,FWD,1782.4,133.2,10.5,1.7,232.1
Audi,Q4 40 e-tron (v2024),63.2,198.0,163.4,FWD,1836.0,211.2,9.3,2.4,301.9
Mercedes,EQS SUV 450 (v2021),51.1,200.1,154.6,AWD,1837.2,139.1,10.1,2.7,245.3
Lucid,Air Sapphire (v2023),72.9,205.4,186.3,RWD,1944.3,347.0,8.1,5.6,337.4
Rivian,R1S Dual Motor (v2025),53.5,218.2,169.6,AWD,2125.7,292.6,8.1,1.7,237.6
Tesla,Model Y LR (v2023),68.9,214.9,194.8,AWD,2194.2,395.9,7.5,6.5,302.2
Jaguar,I-Pace Black (v2025),71.3,197.6,160.8,RWD,2012.9,194.1,9.9,2.0,318.6
Volvo,XC40 Recharge (v2023),71.0,202.7,160.3,AWD,2205.1,225.4,9.4,4.6,340.1
Kia,EV6 GT (v2023),104.8,224.0,173.9,RWD,2612.0,340.8,8.4,10.1,434.8
Audi,Q4 50 e-tron (v2023),81.2,201.9,168.2,RWD,2320.8,239.6,8.8,6.1,384.1
Polestar,Polestar 2 Standard (v2021),99.9,228.4,168.9,FWD,2440.0,324.2,8.2,3.0,422.1
Hyundai,Ioniq 5 N (v2025),74.5,193.1,164.2,FWD,2078.5,229.3,9.7,3.1,352.6
Honda,Prologue Touring (v2025),57.4,190.9,162.6,FWD,1903.7,254.6,8.6,2.0,282.9
Volvo,EX30 Twin Motor (v2022),103.2,228.7,162.3,FWD,2585.1,266.1,9.1,4.1,437.4
Nissan,Leaf 40kWh (v2022),55.5,211.9,168.5,AWD,2022.0,195.2,9.7,1.5,232.7
Hyundai,Kona Electric 64kWh (v2024),101.2,225.0,183.2,FWD,2387.5,358.1,7.5,2.6,436.0
Honda,Prologue EX (v2024),47.5,173.5,151.8,FWD,1634.5,139.0,10.4,2.1,254.7
Jaguar,I-Pace Black (v2021),65.7,210.7,168.0,FWD,2153.6,263.7,8.8,1.8,302.7
BMW,i4 eDrive40 (v2025),89.2,224.9,171.9,RWD,2440.4,327.2,7.9,2.6,375.9
Volkswagen,ID.7 Pro (v2022),98.3,209.1,181.4,FWD,2252.6,321.4,7.7,2.7,416.5
Kia,Niro EV (v2025),46.7,182.6,153.5,RWD,1817.5,144.6,10.6,2.3,232.0
Polestar,Polestar 2 Performance (v2021),109.7,207.5,178.1,RWD,2326.8,331.0,7.9,3.1,477.0
Tesla,Model S Dual (v2023),127.0,261.2,261.1,RWD,2912.5,804.7,2.2,4.5,475.3
Honda,e:Ny1 (v2024),40.1,190.4,149.5,AWD,1678.5,115.1,10.4,2.1,185.5
Honda,Prologue EX (v2022),54.5,191.1,148.1,FWD,1892.7,135.2,10.2,3.3,268.3
Jaguar,I-Pace HSE (v2024),70.9,197.8,174.9,RWD,1891.2,268.2,8.9,3.1,345.4
Volvo,XC40 Recharge (v2021),46.7,205.3,163.7,FWD,1824.1,191.8,9.6,2.9,203.6
BMW,i7 xDrive60 (v2023),93.9,215.8,171.9,AWD,2598.1,261.5,8.5,2.3,383.7
Porsche,Macan EV 4 (v2025),130.6,235.0,244.7,AWD,2797.7,712.6,3.7,9.6,525.4
Honda,Prologue Touring (v2021),43.2,195.0,154.9,FWD,1762.9,170.9,9.6,2.0,215.5
Nissan,Leaf e+ (v2022),45.2,196.5,162.4,FWD,1840.4,163.7,10.1,1.4,203.3
Porsche,Macan EV Turbo (v2024),102.0,222.4,208.1,RWD,2528.1,497.0,6.1,3.4,437.7
Honda,Prologue EX (v2025),64.8,197.5,163.4,FWD,1769.4,239.4,9.4,2.2,299.7
Lucid,Air Pure (v2023),135.9,248.6,265.4,RWD,2791.7,880.0,2.1,3.8,527.6
Tesla,Model S Dual (v2025),133.4,236.9,233.7,RWD,2913.8,644.7,3.7,4.3,508.1
Hyundai,Ioniq 6 Long Range (v2022),80.4,217.5,181.8,FWD,2261.6,342.7,8.6,3.7,347.7
Volkswagen,ID.4 Pro (v2025),63.5,198.2,157.5,FWD,2127.8,195.1,9.8,3.1,309.5
Volkswagen,ID. Buzz Pro (v2024),77.7,214.4,163.7,AWD,2120.5,206.9,9.2,3.6,344.1
Jaguar,I-Pace HSE (v2022),98.3,222.4,170.3,FWD,2288.7,295.4,8.6,8.1,389.5
Audi,e-tron GT (v2021),57.4,192.3,164.2,FWD,1795.9,181.6,9.5,5.9,267.5
Volkswagen,ID.5 Pro (v2022),49.8,190.7,161.5,RWD,1648.2,148.2,9.9,1.6,235.5
Toyota,bZ4X AWD (v2022),78.4,222.9,182.7,AWD,2222.7,331.3,8.6,4.8,337.7
Volvo,EX30 Twin Motor (v2025),97.4,228.3,168.9,FWD,2299.0,285.9,9.1,2.6,381.5
Volvo,C40 Recharge (v2025),52.1,194.1,150.3,RWD,1672.5,119.6,10.3,4.0,244.7
Nissan,Ariya 87kWh (v2025),62.6,211.1,163.5,AWD,2188.9,243.4,8.8,3.8,277.5
Jaguar,I-Pace EV400 (v2024),72.4,192.8,180.2,RWD,1897.8,315.7,8.6,4.9,337.1
Audi,e-tron GT (v2024),92.4,211.9,171.0,RWD,2381.2,227.5,8.9,3.8,402.7
Honda,e:Ny1 (v2024),64.3,214.9,177.3,AWD,2043.5,216.8,9.3,1.8,265.0
Rivian,R1T Dual Motor (v2023),56.0,193.1,200.8,AWD,2061.2,437.0,6.8,1.6,264.3
Hyundai,Ioniq EV (v2024),88.7,225.1,189.8,FWD,2385.8,385.5,7.3,7.1,370.1
Polestar,Polestar 3 Long Range (v2023),68.7,229.2,168.8,AWD,2095.0,276.5,8.7,2.5,266.6
Tesla,Model X Plaid (v2021),138.2,249.4,233.1,AWD,2847.1,593.7,4.9,3.1,489.8
Ford,F-150 Lightning Standard (v2023),52.7,189.7,143.3,FWD,1641.4,135.0,10.4,2.2,259.1
Toyota,bZ4X FWD (v2023),83.6,216.1,172.5,RWD,2121.3,251.2,8.2,2.7,346.3
BYD,Seal AWD (v2024),100.3,229.1,168.5,AWD,2480.6,243.3,9.5,8.0,392.0
Honda,Prologue EX (v2022),64.2,209.0,152.5,AWD,1952.5,150.2,10.2,2.7,285.6
BYD,Atto 3 (v2021),77.9,208.7,174.9,RWD,2139.2,304.5,8.2,2.9,356.0
Porsche,Macan EV Turbo (v2021),121.4,230.6,204.8,RWD,2473.1,445.4,6.4,12.4,506.3
Rivian,R1T Dual Motor (v2022),75.9,202.7,171.5,RWD,2160.5,282.4,8.5,3.4,354.1
Nissan,Townstar EV (v2024),63.6,207.7,170.7,AWD,1835.6,258.2,8.6,1.7,295.1
Porsche,Macan EV 4 (v2022),70.6,182.3,181.5,RWD,1877.9,306.3,8.4,5.3,347.8
Tesla,Model Y Performance (v2022),93.9,210.5,186.0,RWD,2198.1,403.8,7.1,7.3,408.2
Hyundai,Ioniq 5 Long Range (v2024),46.4,188.6,172.5,RWD,1546.5,190.5,9.9,2.5,235.7
Hyundai,Ioniq EV (v2023),79.0,237.0,176.3,AWD,2415.0,327.2,7.9,2.2,294.5
BYD,Tang EV (v2022),99.4,241.0,189.9,AWD,2613.1,302.3,8.5,2.7,364.1
Volvo,EX30 Single Motor (v2021),83.6,229.6,168.4,AWD,2146.1,267.0,8.9,6.4,346.8
Honda,e (v2023),38.3,186.7,153.2,RWD,1760.0,140.0,10.0,2.4,193.6
Rivian,R1S Dual Motor (v2025),67.0,205.0,181.1,AWD,2043.9,327.0,7.6,3.3,299.3
Rivian,R1S Quad Motor (v2024),99.0,226.6,232.9,RWD,2327.3,650.3,5.3,4.4,426.9
BMW,iX xDrive40 (v2021),47.8,202.1,155.0,RWD,1947.2,145.1,9.9,4.8,229.9
Rivian,R1T Quad Motor (v2022),78.5,211.8,201.5,AWD,2263.0,453.3,7.0,2.9,327.8
Ford,F-150 Lightning Extended (v2021),58.6,218.6,162.9,AWD,1925.1,229.6,9.6,2.5,256.6
Honda,Prologue Touring (v2022),37.0,194.1,153.6,AWD,1674.3,121.2,10.5,1.2,185.5
Lucid,Air Sapphire (v2022),77.7,230.5,196.4,AWD,2096.1,443.8,7.0,3.2,309.1
Polestar,Polestar 4 Dual (v2023),98.7,218.9,183.4,FWD,2364.8,336.1,8.5,2.6,407.6
Hyundai,Kona Electric 64kWh (v2022),79.1,215.8,167.8,FWD,2178.8,277.2,8.4,2.7,327.3
Volkswagen,ID.3 Pro S (v2022),80.9,204.8,169.7,RWD,2006.9,252.6,9.4,5.0,361.1
Audi,Q6 e-tron (v2021),71.7,218.6,167.2,AWD,2036.3,245.7,9.5,2.0,299.9
Porsche,Taycan Turbo (v2022),76.2,218.2,227.0,RWD,1947.4,613.4,5.1,2.7,337.9
Polestar,Polestar 2 Long Range (v2023),70.8,215.0,160.3,AWD,2292.0,197.0,9.7,2.3,314.9
Kia,EV9 GT-Line (v2022),89.0,230.8,183.4,AWD,2429.4,377.1,7.4,4.2,373.7
Volvo,XC40 Recharge (v2025),48.7,199.4,141.4,FWD,1891.8,112.2,11.1,1.9,219.5
Volvo,EX90 Twin Motor (v2022),60.9,195.4,144.8,FWD,2012.4,136.5,10.2,2.7,294.4
Honda,Prologue EX (v2021),62.9,206.9,177.4,FWD,1926.6,259.3,9.5,2.0,274.2
Tesla,Model Y LR (v2024),99.2,221.9,189.8,RWD,2352.0,381.1,7.6,2.4,397.1
Chevrolet,Bolt EUV (v2024),101.7,216.9,163.7,RWD,2431.3,229.0,8.9,6.5,449.7
Mercedes,EQC 400 (v2022),55.3,200.2,169.7,AWD,1906.7,224.1,8.9,3.8,268.3
Jaguar,I-Pace EV400 (v2025),70.2,201.1,171.2,RWD,1930.0,219.0,9.3,2.8,326.0
Honda,e (v2023),48.7,193.2,145.1,FWD,1804.6,117.9,10.2,1.8,245.5
Ford,Mustang Mach-E ER (v2021),46.2,189.4,159.6,RWD,1552.3,196.0,10.5,2.1,236.4
Volkswagen,ID.4 GTX (v2024),104.8,253.5,207.7,AWD,2737.8,433.7,6.4,6.7,376.4
Honda,e:Ny1 (v2021),46.0,197.7,137.0,RWD,1796.0,105.3,10.8,2.0,227.5
Porsche,Taycan 4S (v2024),129.5,269.1,270.5,AWD,2843.3,880.0,2.1,3.8,444.8
Volkswagen,ID.3 Pro (v2023),74.6,212.1,177.4,AWD,2122.1,279.8,9.0,4.7,319.7
Hyundai,Kona Electric 39kWh (v2023),54.1,199.2,159.7,AWD,1744.3,155.3,10.3,2.1,245.6
MG,MG4 EV Long Range (v2023),54.9,201.7,168.5,FWD,1966.5,224.0,8.2,2.4,245.4
Ford,F-150 Lightning Extended (v2021),78.7,220.9,178.9,RWD,2258.4,250.7,8.9,3.7,319.8
Toyota,bZ3 (v2025),96.1,226.5,190.6,AWD,2416.6,342.8,7.8,2.7,404.5
Rivian,R1S Quad Motor (v2021),72.1,201.9,179.0,RWD,2196.6,320.4,8.0,2.2,347.4
MG,MG4 EV Standard (v2025),39.6,197.0,145.2,FWD,1798.2,105.2,10.5,1.6,177.1
Mercedes,EQE 500 (v2021),77.1,204.8,160.6,AWD,2058.9,219.1,9.2,2.0,349.5
Volvo,EX30 Twin Motor (v2022),45.5,176.4,151.6,FWD,1688.0,114.5,10.7,2.1,247.8
Polestar,Polestar 3 Long Range (v2022),93.1,224.8,174.3,RWD,2355.4,288.7,8.7,3.1,385.6
Hyundai,Kona Electric 64kWh (v2024),105.8,215.0,167.0,FWD,2456.0,263.9,8.7,3.7,457.8
Porsche,Taycan Turbo (v2022),127.1,254.1,225.7,AWD,2788.9,624.3,4.6,6.3,462.9
Mercedes,EQG 580 (v2025),83.4,222.9,188.5,FWD,2279.2,354.2,7.6,3.4,343.9
Chevrolet,Blazer EV LT (v2024),55.3,197.5,169.3,RWD,1842.1,231.3,9.6,1.8,267.5
BMW,i5 M60 (v2025),68.5,231.3,170.6,AWD,1937.3,222.3,9.3,1.9,276.6
Nissan,Ariya e-4ORCE (v2021),54.1,185.8,153.0,RWD,1846.1,143.7,10.3,2.4,279.5
Porsche,Taycan Cross Turismo (v2024),74.8,204.3,183.3,RWD,1973.3,378.1,7.6,5.2,324.8
Chevrolet,Blazer EV RS (v2021),99.0,220.4,188.0,AWD,2554.5,376.6,7.2,3.1,407.3
Hyundai,Ioniq 5 Standard (v2025),47.7,189.2,158.1,AWD,2006.2,193.4,9.9,2.3,243.6
Nissan,Ariya 63kWh (v2021),42.5,183.4,144.0,FWD,1757.5,100.0,11.4,1.6,218.8
Audi,Q8 55 e-tron (v2022),74.3,190.7,165.7,FWD,2225.3,189.3,10.2,2.4,350.6
Tesla,Cybertruck Tri (v2021),135.6,248.2,239.5,RWD,3018.4,683.2,3.8,4.2,502.3
Polestar,Polestar 3 Long Range (v2022),53.2,200.5,151.7,RWD,1793.6,186.7,9.7,2.0,235.4
Chevrolet,Blazer EV LT (v2024),88.5,217.8,177.2,RWD,2067.1,289.6,8.9,2.8,363.6
Audi,Q4 50 e-tron (v2025),88.6,230.6,178.2,AWD,2469.1,316.5,7.8,2.9,357.8
Toyota,bZ4X AWD (v2022),100.8,218.0,170.7,RWD,2346.6,283.5,8.4,3.1,452.1
MG,MG4 EV Standard (v2025),37.4,187.4,152.8,FWD,1566.7,88.9,11.2,1.4,183.0
Jaguar,I-Pace EV400 (v2021),61.7,177.6,169.1,RWD,1855.2,198.5,8.9,5.5,311.4
Lucid,Air Pure (v2023),68.7,220.6,193.9,RWD,2108.3,429.8,6.9,2.5,283.0
Porsche,Taycan Turbo S (v2023),82.2,229.1,190.1,AWD,2117.4,418.7,7.2,2.3,343.7
Porsche,Taycan Turbo S (v2024),92.6,215.5,195.2,RWD,2198.8,439.8,6.7,5.0,418.2
Jaguar,I-Pace Black (v2024),99.3,200.0,182.1,FWD,2446.4,311.1,8.3,3.5,462.9
MG,MG5 EV (v2022),74.2,221.0,187.4,AWD,2313.4,315.4,8.7,2.4,325.9
Hyundai,Ioniq 6 Standard (v2021),96.9,213.9,165.7,FWD,2270.5,220.7,9.0,2.7,440.7
Ford,Mustang Mach-E ER (v2023),77.4,212.5,180.2,FWD,2179.4,319.6,8.6,6.6,326.3
Rivian,R1T Performance (v2024),68.5,235.6,197.4,AWD,2183.9,378.9,7.2,2.5,277.6
Ford,Mustang Mach-E SR (v2025),90.3,232.4,187.1,AWD,2428.7,362.0,7.0,4.3,366.5
Honda,Prologue Touring (v2021),70.1,211.7,159.9,AWD,1978.3,210.3,9.0,2.6,297.6
Mercedes,EQA 250 (v2024),60.2,205.2,167.7,FWD,2004.9,213.4,8.9,1.7,259.5
Kia,EV6 GT (v2021),63.0,179.3,165.1,FWD,1871.8,231.2,8.7,2.9,321.1
Mercedes,EQE SUV 350 (v2025),70.7,212.4,171.0,AWD,2125.1,256.6,8.7,1.9,314.3
Kia,EV9 GT-Line (v2021),85.6,211.6,175.7,FWD,2225.7,293.4,9.2,4.8,389.6
Hyundai,Kona Electric 39kWh (v2023),57.1,195.5,161.5,RWD,1914.0,215.0,9.5,1.9,276.4
Audi,Q8 55 e-tron (v2024),91.0,224.2,186.8,RWD,2456.2,349.4,8.1,4.2,358.3
Toyota,bZ4X FWD (v2025),80.9,197.7,172.1,FWD,2076.2,221.5,9.6,4.6,380.2
BMW,i5 M60 (v2024),92.7,216.7,169.3,FWD,2222.6,271.7,9.1,3.1,389.7
Chevrolet,Blazer EV RS (v2021),67.7,202.9,165.1,FWD,2113.2,246.6,9.1,4.3,314.5
Mercedes,EQE 500 (v2022),85.0,216.7,187.1,FWD,2403.9,303.3,8.3,3.4,368.5
Audi,e-tron S (v2024),81.8,207.0,181.5,FWD,2067.7,366.0,7.3,2.0,366.5
Volkswagen,ID.5 Pro (v2024),95.0,224.1,183.1,AWD,2401.4,381.3,7.9,3.4,400.6
Rivian,R1S Dual Motor (v2024),88.7,218.8,188.1,AWD,2310.6,379.8,7.6,2.4,378.6
Porsche,Taycan Base (v2021),109.6,252.7,223.6,AWD,2568.0,590.6,5.3,3.4,397.6
Nissan,Leaf 40kWh (v2021),60.6,191.4,157.6,FWD,1721.2,229.5,9.4,3.6,304.4
Ford,F-150 Lightning Standard (v2023),103.8,209.6,171.8,FWD,2563.3,283.0,8.2,7.0,445.9
BYD,Seal RWD (v2022),64.5,201.7,174.5,RWD,1775.7,252.3,9.0,3.5,302.1
MG,MG4 EV Long Range (v2025),72.6,209.7,163.7,AWD,2132.0,238.1,9.5,2.7,315.1
Jaguar,I-Pace Black (v2024),107.0,221.5,206.4,FWD,2583.2,416.3,7.3,8.1,471.5
Jaguar,I-Pace HSE (v2022),70.9,199.9,154.5,AWD,2007.2,174.0,9.7,2.5,313.2
Chevrolet,Equinox EV (v2021),63.9,198.8,168.4,FWD,1800.8,264.6,8.8,1.9,294.0
Porsche,Taycan 4S (v2022),114.5,257.4,238.3,AWD,2691.5,687.5,4.2,2.8,422.6
Mercedes,EQE SUV 350 (v2022),99.7,206.9,197.2,RWD,2386.8,384.2,6.9,4.8,448.2
Hyundai,Ioniq 5 N (v2025),101.0,207.0,183.3,FWD,2313.5,369.2,7.6,3.7,449.6
Lucid,Air Touring (v2023),92.1,219.5,247.2,RWD,2116.3,750.5,3.4,2.6,371.1
Tesla,Model X Plaid (v2025),107.8,234.0,246.4,RWD,2584.2,726.0,3.1,4.6,448.5
Toyota,bZ4X FWD (v2021),109.3,207.2,181.6,FWD,2437.6,310.3,9.0,2.7,472.9
Porsche,Taycan Turbo (v2023),78.6,217.3,193.0,RWD,2293.5,392.1,7.1,2.6,348.9
Ford,F-150 Lightning Extended (v2023),49.7,194.1,159.5,RWD,1947.2,161.9,9.5,5.0,231.4
Mercedes,EQC 400 (v2024),94.3,228.5,188.0,FWD,2272.9,367.4,7.5,5.7,379.2
BMW,iX1 xDrive30 (v2023),84.0,201.7,155.5,RWD,2228.6,192.4,9.7,2.8,389.1
Ford,F-150 Lightning Standard (v2023),47.5,178.4,153.4,FWD,1726.0,194.6,9.4,4.7,237.2
Volkswagen,ID. Buzz Pro (v2021),53.9,204.4,166.2,FWD,1695.6,196.8,9.9,2.4,238.5
Tesla,Cybertruck Dual (v2021),78.6,214.3,222.5,RWD,2157.8,604.9,5.0,4.1,349.4
Honda,e:Ny1 (v2023),66.9,208.2,171.4,AWD,2034.2,272.2,9.2,1.8,294.8
Hyundai,Ioniq 6 Standard (v2025),98.4,207.0,181.3,RWD,2250.7,374.6,7.8,2.8,449.7
Lucid,Air Touring (v2021),75.4,213.8,227.9,RWD,1919.7,636.9,4.9,4.0,319.9
BYD,Seal RWD (v2025),101.1,204.1,176.3,FWD,2412.8,279.6,8.9,2.8,459.7
Jaguar,I-Pace EV400 (v2025),68.8,199.7,173.7,FWD,1827.8,244.5,9.5,2.8,308.2
BMW,i4 eDrive40 (v2021),60.0,192.8,159.0,AWD,1926.0,195.2,9.7,5.3,291.4
BYD,Tang EV (v2022),104.0,221.7,185.8,FWD,2599.0,338.4,8.2,4.5,427.8
MG,MG4 EV Standard (v2025),36.3,185.6,143.4,FWD,1605.3,106.2,10.9,2.0,179.1
BYD,Dolphin Extended (v2025),92.9,222.8,175.9,AWD,2341.3,317.7,8.0,4.3,408.0
Polestar,Polestar 2 Long Range (v2025),105.7,200.5,178.5,FWD,2329.0,282.3,8.9,3.1,494.2
Hyundai,Ioniq 6 Long Range (v2023),72.6,197.4,179.1,FWD,1862.7,306.3,8.2,3.2,335.6
Volvo,C40 Recharge (v2022),53.8,198.2,158.2,FWD,1724.6,238.7,9.5,2.6,257.4
Lucid,Air Touring (v2022),134.9,237.7,200.6,RWD,3004.1,454.7,6.9,3.1,510.9
MG,MG4 EV Long Range (v2024),37.4,174.1,156.6,RWD,1639.5,150.3,9.8,1.7,200.7
BMW,i7 xDrive60 (v2022),78.2,225.1,169.1,AWD,2318.3,256.2,9.4,2.9,311.5
Toyota,bZ4X FWD (v2021),81.9,218.8,192.6,AWD,2161.0,314.9,9.0,2.0,360.0
Audi,Q4 40 e-tron (v2023),93.8,247.3,172.0,AWD,2626.2,255.1,8.8,5.5,342.0
Nissan,Townstar EV (v2022),36.8,178.5,148.4,FWD,1543.9,114.0,10.7,3.0,195.7
Audi,Q4 50 e-tron (v2022),93.5,221.8,180.8,AWD,2331.1,304.5,8.6,2.9,388.4
Honda,Prologue Touring (v2022),50.6,197.6,157.7,RWD,1626.6,215.6,9.9,2.2,244.8
Tesla,Model X Plaid (v2021),61.9,209.2,196.5,AWD,1912.3,382.1,7.6,2.8,288.8
BMW,i4 M50 (v2022),51.0,177.8,153.4,FWD,1613.2,143.7,10.5,1.5,254.8
Ford,F-150 Lightning Standard (v2022),102.9,214.6,176.9,FWD,2631.5,294.8,8.3,3.8,456.0
Chevrolet,Silverado EV WT (v2023),90.6,220.8,165.5,FWD,2258.3,259.3,9.0,3.1,365.9
MG,ZS EV Long Range (v2022),41.3,185.5,147.1,FWD,1626.0,112.8,11.3,2.8,202.8
Toyota,bZ3 (v2023),77.9,220.8,181.8,FWD,2135.5,330.8,8.3,1.9,343.4
Jaguar,I-Pace HSE (v2023),86.7,211.2,157.3,RWD,2411.1,213.1,9.4,2.3,397.7
Kia,EV6 Wind (v2021),79.8,205.2,165.0,FWD,2334.1,204.3,9.4,2.5,359.1
Mercedes,EQE 500 (v2024),72.4,208.2,168.0,FWD,2188.4,238.5,9.2,6.6,328.5
Tesla,Model S Plaid (v2022),106.5,257.6,239.6,AWD,2675.7,726.1,3.4,7.6,375.1
Ford,Mustang Mach-E ER (v2023),62.8,206.3,168.7,FWD,2131.3,236.0,9.4,4.3,284.5
Nissan,Ariya e-4ORCE (v2022),74.0,197.9,159.7,FWD,2273.3,175.7,9.9,5.8,365.3
MG,MG5 EV (v2022),40.2,190.6,160.5,RWD,1739.7,179.3,10.3,2.3,193.4
Porsche,Taycan Base (v2022),97.7,238.8,271.4,RWD,2546.7,850.7,2.1,3.1,366.8
Hyundai,Ioniq 5 N (v2022),48.9,202.8,159.4,AWD,1932.0,218.0,9.7,2.7,232.8
Volkswagen,ID.3 Pro (v2025),90.0,211.7,168.4,FWD,2081.4,265.3,9.2,3.0,403.6
Audi,e-tron GT (v2023),66.9,203.4,172.6,RWD,1939.3,260.4,8.5,4.3,315.5
Nissan,Ariya 63kWh (v2025),71.3,210.6,179.2,RWD,2127.5,271.0,9.4,2.3,302.6
Volvo,EX90 Twin Motor (v2021),61.5,190.2,172.6,FWD,1983.8,230.5,9.6,6.4,297.0
Audi,Q6 e-tron (v2022),69.0,176.9,167.2,FWD,1978.0,251.4,8.8,4.1,371.5
Mercedes,EQE SUV 350 (v2021),63.7,214.3,159.8,FWD,2139.3,194.8,9.7,1.9,287.2
Tesla,Model Y Performance (v2024),108.1,226.6,268.7,RWD,2422.0,880.0,2.1,4.4,466.8
Polestar,Polestar 4 Dual (v2022),50.2,194.9,147.9,FWD,1879.7,111.5,10.4,4.6,252.0
Lucid,Air Grand Touring (v2024),128.6,228.6,210.0,RWD,2707.4,475.4,6.0,3.6,528.2
Hyundai,Kona Electric 39kWh (v2021),104.5,225.2,166.0,AWD,2431.2,259.2,8.9,3.2,432.6
Nissan,Ariya 87kWh (v2023),35.7,172.4,148.7,FWD,1496.8,103.9,10.4,1.0,191.8
Jaguar,I-Pace Black (v2025),64.7,196.2,158.6,FWD,2105.6,221.0,8.6,4.4,309.5
Lucid,Air Grand Touring (v2025),92.2,251.6,226.2,AWD,2582.1,575.5,4.9,2.8,341.5
Nissan,Leaf 40kWh (v2024),66.3,221.8,168.9,RWD,2113.6,215.2,9.2,2.5,291.2
Hyundai,Ioniq 6 Standard (v2024),101.8,208.9,166.9,RWD,2353.3,254.0,9.0,4.6,468.9
Mercedes,EQS 450+ (v2023),88.9,222.2,185.9,AWD,2429.4,333.2,7.8,7.5,360.8
Volvo,XC40 Recharge (v2024),50.4,197.6,151.8,RWD,1887.1,130.4,10.7,1.7,233.3
Polestar,Polestar 2 Long Range (v2022),107.8,217.7,205.3,RWD,2501.7,481.9,6.3,8.2,451.4
Audi,e-tron GT (v2021),77.0,208.5,177.5,FWD,2059.6,252.9,9.0,6.6,346.2
Mercedes,EQB 300 (v2023),61.9,194.1,152.1,RWD,1956.1,170.4,10.0,3.1,281.7
Volvo,XC40 Recharge (v2025),81.0,218.0,188.5,RWD,2338.6,349.6,8.2,2.1,327.4
Chevrolet,Blazer EV RS (v2025),94.3,216.2,187.1,RWD,2347.3,348.8,8.3,3.4,386.3
Honda,Prologue EX (v2021),62.8,203.3,165.3,FWD,2101.5,242.8,9.1,1.7,277.7
Volkswagen,ID.4 Pro (v2021),79.1,215.8,161.6,AWD,2301.1,228.3,9.3,2.3,355.3
BMW,iX xDrive40 (v2021),79.1,184.9,183.0,FWD,2046.1,324.8,7.9,2.8,412.8
Mercedes,EQS 450+ (v2023),87.4,211.9,173.9,RWD,2063.5,228.5,8.9,4.0,394.9
Audi,Q8 50 e-tron (v2022),84.1,200.5,167.4,RWD,2400.9,224.0,8.7,3.0,371.3
Porsche,Taycan Turbo S (v2021),113.9,226.4,208.5,AWD,2580.2,455.9,6.7,3.9,449.9
Mercedes,EQE 350+ (v2024),84.4,213.6,150.3,FWD,2200.6,204.3,9.7,4.6,373.3
Volkswagen,ID.3 Pro (v2021),101.0,208.6,174.4,RWD,2298.4,262.9,8.8,3.6,471.5
BMW,iX1 xDrive30 (v2022),89.6,212.2,184.1,FWD,2251.1,303.8,8.5,4.2,397.8
Chevrolet,Silverado EV WT (v2024),65.2,221.1,164.6,RWD,2164.7,255.7,9.5,3.0,277.8
BYD,Atto 3 (v2024),50.5,203.9,147.6,RWD,1934.7,142.2,10.1,1.7,229.9
Volkswagen,ID.4 GTX (v2023),88.1,232.4,190.6,AWD,2408.8,329.2,8.8,2.7,336.7
BMW,iX1 xDrive30 (v2025),97.1,248.7,195.7,AWD,2495.9,420.6,6.5,4.3,376.5
Hyundai,Kona Electric 39kWh (v2021),77.9,204.2,181.1,AWD,2173.0,332.6,7.8,5.2,344.3
Volkswagen,ID.7 Pro (v2022),109.7,225.5,176.1,RWD,2399.9,264.7,8.7,7.1,451.8
BMW,i4 M50 (v2021),93.7,209.7,184.4,RWD,2385.2,300.7,8.2,2.9,407.5
Lucid,Air Grand Touring (v2022),116.8,227.4,270.4,RWD,2447.0,880.0,2.1,7.2,488.3
Jaguar,I-Pace Black (v2025),102.1,235.8,182.9,RWD,2608.2,361.6,7.4,6.8,387.4
Lucid,Air Pure (v2022),65.3,228.2,201.1,AWD,2111.5,459.9,6.3,2.2,266.8
Volvo,EX30 Single Motor (v2021),66.6,196.8,163.6,FWD,1807.2,226.4,9.4,3.9,315.6
MG,MG5 EV (v2025),39.9,186.9,147.5,FWD,1757.6,93.9,10.8,2.7,206.3
Hyundai,Kona Electric 64kWh (v2024),93.2,205.1,192.8,FWD,2124.3,398.4,7.4,2.6,403.3
MG,ZS EV Long Range (v2021),70.9,191.8,173.5,FWD,1842.9,269.9,8.8,3.9,336.8
Toyota,bZ3 (v2022),58.9,206.6,165.6,FWD,1952.9,220.4,8.9,4.8,268.6
Honda,e (v2024),65.5,219.9,153.2,AWD,2101.6,185.3,10.1,2.3,287.6
Polestar,Polestar 2 Performance (v2022),105.8,214.1,177.5,FWD,2617.5,302.2,8.3,3.6,452.4
Audi,e-tron GT (v2025),88.2,228.5,158.9,AWD,2493.1,202.3,8.7,2.7,371.4
BMW,i4 eDrive35 (v2022),89.7,208.0,167.0,RWD,2463.3,246.1,9.1,4.8,386.7
BMW,iX1 xDrive30 (v2024),57.6,196.1,163.1,FWD,1849.5,209.6,9.7,1.9,276.8
Chevrolet,Bolt EUV (v2024),108.2,224.6,184.7,RWD,2693.7,355.3,7.7,2.9,466.8
Chevrolet,Blazer EV LT (v2025),65.1,198.7,167.1,FWD,2044.4,176.9,10.3,6.3,305.6
Jaguar,I-Pace HSE (v2023),96.4,223.6,195.5,RWD,2297.2,423.7,6.7,4.8,379.7
BMW,i4 eDrive35 (v2025),75.6,217.8,154.2,FWD,2114.8,182.6,9.4,5.6,330.1
Lucid,Air Touring (v2021),131.5,274.9,270.3,AWD,3020.9,865.7,2.1,4.1,459.2
Honda,e:Ny1 (v2022),49.5,188.0,157.6,RWD,1867.7,208.0,10.0,4.0,240.5
Mercedes,EQS 450+ (v2025),80.5,213.9,169.7,FWD,2290.4,233.2,9.4,4.6,332.0
Kia,EV6 GT-Line (v2025),78.1,217.2,164.9,RWD,2136.0,210.6,9.4,2.8,349.5
Ford,E-Transit (v2024),78.4,201.4,171.9,FWD,1963.4,257.0,9.5,4.7,345.3
Volvo,EX30 Twin Motor (v2023),82.6,205.1,168.1,FWD,2366.7,226.8,9.4,3.0,387.4
Tesla,Cybertruck Dual (v2022),132.4,240.9,271.8,RWD,2831.9,880.0,2.1,10.4,536.2
Rivian,R1T Dual Motor (v2022),105.7,229.0,198.2,AWD,2636.1,417.9,7.2,3.3,409.7
Rivian,R1S Dual Motor (v2022),93.5,246.2,246.8,AWD,2450.8,753.7,3.5,3.3,345.1
MG,ZS EV Standard (v2025),67.0,209.0,163.4,FWD,1981.5,235.9,9.1,4.1,306.9
Honda,Prologue EX (v2025),57.5,220.5,174.1,AWD,2054.8,222.0,9.3,2.2,251.7
Toyota,bZ4X FWD (v2023),109.8,239.7,198.0,RWD,2567.2,440.2,7.1,4.0,416.7
Rivian,R1T Performance (v2021),56.2,211.6,173.1,RWD,1880.6,339.0,8.3,2.6,259.3
Honda,e (v2022),47.5,177.4,162.1,RWD,1848.5,195.5,9.7,3.0,241.6
Lucid,Air Pure (v2023),75.1,202.9,190.4,RWD,2175.2,386.8,7.3,2.7,329.4
Lucid,Air Touring (v2025),93.5,239.2,218.7,AWD,2328.0,561.2,5.9,2.9,349.5
Rivian,R1T Quad Motor (v2022),101.0,222.8,198.7,RWD,2458.5,404.5,7.4,2.3,426.1
BYD,Seal RWD (v2023),103.7,224.5,201.4,RWD,2405.5,421.5,7.2,5.4,430.8
Jaguar,I-Pace Black (v2022),61.5,201.2,170.3,AWD,2083.1,260.7,9.4,3.1,272.1
Nissan,Ariya e-4ORCE (v2023),60.3,203.4,168.2,FWD,1856.3,199.4,9.7,1.9,284.6
Polestar,Polestar 2 Performance (v2023),83.1,224.0,175.2,AWD,2193.6,252.0,9.4,6.1,342.8
Polestar,Polestar 3 Long Range (v2023),77.2,198.5,168.7,RWD,2310.3,222.9,9.0,4.0,364.2
Volkswagen,ID.3 Pro (v2025),76.0,210.4,169.0,FWD,2073.2,294.1,8.5,2.3,319.8
Kia,EV6 Light (v2025),95.5,221.8,190.5,RWD,2346.3,322.0,8.2,4.0,396.3
Nissan,Ariya e-4ORCE (v2022),67.2,204.8,156.8,RWD,2009.6,189.4,9.8,2.3,312.6
Honda,Prologue Touring (v2024),65.0,196.8,163.4,FWD,1833.3,179.7,10.3,3.1,310.3
Audi,Q4 40 e-tron (v2022),91.8,219.9,163.8,AWD,2421.2,258.7,8.6,2.8,377.0
Kia,EV6 Wind (v2025),65.7,193.6,148.3,RWD,1826.6,155.8,10.0,4.7,310.0
Lucid,Air Sapphire (v2024),120.4,271.4,243.2,AWD,2628.6,721.9,3.8,6.9,425.0
Jaguar,I-Pace Black (v2025),54.7,193.2,151.3,RWD,1827.8,138.0,10.1,2.6,276.6
Rivian,R1T Performance (v2021),76.8,200.2,186.3,RWD,1954.5,383.4,7.1,6.6,346.6
Honda,e (v2025),60.8,187.9,156.0,FWD,1764.8,142.9,10.4,1.8,289.1
Rivian,R1T Performance (v2021),47.2,197.5,177.2,AWD,1655.8,272.8,8.2,2.0,222.9
Ford,Mustang Mach-E ER (v2024),72.3,193.9,160.0,RWD,1882.2,160.0,9.4,4.8,362.8
Jaguar,I-Pace Black (v2022),59.9,187.8,164.1,FWD,1946.6,141.2,10.8,6.4,294.3
Chevrolet,Silverado EV WT (v2025),65.3,209.5,163.6,FWD,2120.7,222.1,9.3,2.2,284.7
Chevrolet,Blazer EV RS (v2022),109.8,218.6,182.2,FWD,2464.2,349.7,7.4,11.0,448.9
Chevrolet,Silverado EV WT (v2021),76.2,209.5,162.5,RWD,2275.8,209.7,9.6,3.1,344.7
MG,MG4 EV Standard (v2022),51.0,185.0,160.4,FWD,1618.0,176.3,9.7,2.4,263.1
Lucid,Air Touring (v2024),63.8,206.9,190.8,AWD,1980.5,377.7,7.6,2.2,291.1
MG,Cyberster RWD (v2021),46.8,195.7,144.6,AWD,1725.8,117.1,10.9,1.6,222.3
Toyota,bZ4X FWD (v2023),71.8,189.1,166.6,RWD,1890.1,222.8,9.5,2.7,339.8
Toyota,bZ4X FWD (v2022),50.7,195.3,162.7,RWD,1876.2,181.9,9.5,2.0,249.1
Mercedes,EQS SUV 450 (v2021),53.1,185.0,155.0,RWD,1645.2,171.6,10.1,1.9,259.4
Chevrolet,Silverado EV WT (v2025),87.4,216.5,165.7,FWD,2266.1,265.1,9.0,4.9,387.3
BYD,Atto 3 (v2024),68.6,199.7,176.1,FWD,2133.7,279.3,8.6,4.1,329.3
Tesla,Model X LR (v2024),110.6,244.3,213.5,AWD,2581.3,486.0,6.4,6.4,409.2
Lucid,Air Sapphire (v2025),135.9,275.0,268.3,AWD,3128.9,837.5,2.8,5.4,459.5
Honda,e:Ny1 (v2023),42.0,171.0,158.4,FWD,1669.9,171.7,10.1,3.7,224.4
Volvo,EX30 Single Motor (v2023),45.8,195.6,153.1,AWD,1653.0,130.4,10.3,4.0,229.1
Lucid,Air Touring (v2023),67.7,237.0,214.7,AWD,2201.6,505.3,5.6,2.2,267.0
Polestar,Polestar 3 Long Range (v2025),50.6,184.6,153.2,RWD,1832.5,143.9,10.8,1.3,257.2
BYD,Atto 3 (v2025),53.0,183.9,150.0,FWD,1636.5,118.8,10.7,1.8,270.0
Toyota,bZ4X FWD (v2024),55.3,207.1,166.5,RWD,1800.0,241.4,8.9,3.9,240.0
Chevrolet,Bolt EV (v2023),63.8,187.5,154.8,RWD,1887.9,190.6,10.2,1.8,320.1
Volkswagen,ID.3 Pro S (v2025),105.5,219.6,200.1,AWD,2395.1,363.5,7.6,3.4,445.8
MG,ZS EV Long Range (v2024),60.2,217.9,150.7,AWD,2116.1,159.1,10.2,1.9,258.0
Jaguar,I-Pace Black (v2025),92.1,207.1,161.3,FWD,2346.3,228.0,9.4,5.9,418.0
Kia,EV6 GT (v2023),51.7,177.4,161.5,FWD,1771.6,186.8,10.1,3.1,280.0
Hyundai,Ioniq 6 Long Range (v2021),81.9,204.7,154.5,FWD,2145.1,183.4,9.6,4.6,361.7
BYD,Seal RWD (v2025),53.3,200.7,159.3,AWD,1747.9,189.1,9.5,3.7,248.4
Jaguar,I-Pace Black (v2022),82.6,199.3,166.9,RWD,2039.0,212.5,9.8,7.9,378.6
Jaguar,I-Pace EV400 (v2021),60.3,213.4,149.1,AWD,2054.2,148.5,10.4,3.1,253.5
MG,Cyberster RWD (v2023),36.1,181.3,141.5,RWD,1769.8,115.3,10.7,2.0,186.3
BMW,i4 M50 (v2025),48.3,197.1,159.7,FWD,1797.6,175.8,9.7,2.4,221.1
Mercedes,EQC 400 (v2021),80.6,208.1,161.0,RWD,2334.6,208.2,9.3,3.3,360.7
Ford,Mustang Mach-E ER (v2021),45.5,178.5,147.3,FWD,1540.9,120.3,10.4,1.8,228.4
Toyota,bZ3 (v2022),65.7,202.6,178.1,RWD,1981.4,262.4,8.7,4.7,305.5
BMW,i5 M60 (v2024),83.2,221.5,185.0,AWD,2336.3,351.9,7.9,2.6,345.6
Tesla,Cybertruck Tri (v2025),61.5,198.6,183.1,RWD,1962.5,370.5,7.5,5.8,299.7
Toyota,bZ4X FWD (v2021),66.1,190.5,168.9,FWD,1900.1,243.8,9.4,2.0,309.9
BMW,i4 M50 (v2023),87.7,237.6,196.5,AWD,2349.9,370.1,7.3,4.4,339.2
Toyota,bZ4X FWD (v2023),107.7,241.6,204.6,FWD,2537.2,438.5,7.4,5.5,423.8
BMW,i4 M50 (v2022),45.6,182.2,153.0,FWD,1693.4,137.9,10.8,3.1,230.9
Rivian,R1T Dual Motor (v2023),57.9,212.5,184.2,AWD,1952.5,375.3,7.9,4.0,259.5
Kia,EV6 Light (v2023),65.9,199.7,169.0,FWD,1809.1,204.5,9.1,1.7,313.1
Porsche,Macan EV Turbo (v2022),100.8,242.3,241.8,AWD,2300.7,701.4,4.0,4.4,372.0
Nissan,Townstar EV (v2023),36.0,174.9,149.9,RWD,1501.0,104.8,10.7,1.3,186.6
BYD,Tang EV (v2022),88.9,201.8,180.1,RWD,2311.2,331.8,8.0,8.3,413.7
BYD,Han EV (v2025),58.1,191.1,157.3,RWD,1994.3,175.8,10.1,2.0,270.9
Kia,EV6 GT-Line (v2025),89.5,199.1,166.7,RWD,2123.6,247.3,9.9,3.0,436.8
Honda,Prologue EX (v2023),74.1,219.9,174.7,AWD,2235.2,285.2,8.7,4.0,309.3
Ford,E-Transit (v2024),74.3,214.4,161.2,AWD,2100.5,227.1,9.5,2.8,317.2
Hyundai,Ioniq 6 Long Range (v2025),65.4,196.3,166.9,FWD,1964.6,174.1,10.0,3.9,318.3
BMW,i4 M50 (v2022),97.4,225.9,204.2,RWD,2313.3,406.7,6.6,2.4,379.7
Mercedes,EQS SUV 450 (v2022),97.7,210.7,196.7,RWD,2405.5,392.0,7.1,8.6,409.9
Kia,EV6 GT-Line (v2022),52.4,212.6,161.7,FWD,1939.2,175.2,9.9,2.6,234.5
Honda,Prologue Touring (v2025),47.2,201.2,157.0,AWD,1733.3,115.3,10.4,1.9,207.5
BYD,Han EV (v2025),58.2,195.0,164.2,RWD,1794.4,220.8,9.7,2.0,273.8
Lucid,Air Sapphire (v2023),76.7,199.2,173.5,RWD,2022.9,256.3,8.8,4.4,364.5
MG,MG4 EV XPOWER (v2025),65.3,200.9,178.0,AWD,2116.1,277.5,8.9,2.7,309.5
Lucid,Air Sapphire (v2022),78.2,198.2,173.0,AWD,2045.7,281.6,8.4,3.3,351.0
Porsche,Taycan 4S (v2025),122.8,256.6,264.0,AWD,2639.4,859.0,2.3,5.9,455.4
Porsche,Taycan 4S (v2024),95.4,251.3,270.5,AWD,2321.8,840.3,2.1,2.6,361.5
Lucid,Air Touring (v2025),94.4,237.6,243.4,AWD,2506.8,712.2,3.6,3.2,359.0
BMW,i5 M60 (v2022),71.9,201.7,182.1,FWD,2100.8,287.7,9.0,2.6,315.3
Tesla,Model S Plaid (v2025),76.5,210.7,201.0,RWD,1942.6,488.3,6.0,2.7,321.1
MG,ZS EV Standard (v2022),73.3,200.0,178.4,FWD,1925.4,287.0,8.3,2.5,337.9
Hyundai,Kona Electric 39kWh (v2024),68.6,199.4,163.6,FWD,2151.4,224.8,9.3,2.0,326.7
Toyota,bZ3 (v2024),65.4,197.2,163.5,FWD,2030.6,199.3,10.1,2.4,316.7
Toyota,bZ3 (v2021),100.5,221.2,196.9,RWD,2507.2,401.2,7.2,2.4,435.0
Kia,EV6 GT (v2023),51.5,197.0,160.8,AWD,1812.3,192.8,10.0,1.9,233.1
Jaguar,I-Pace EV400 (v2021),86.3,242.6,193.4,AWD,2472.2,386.4,7.5,2.6,336.8
Kia,EV9 GT-Line (v2023),69.6,195.8,170.5,RWD,2124.7,237.1,9.0,3.2,334.2
Volkswagen,ID.3 Pro S (v2024),109.1,227.2,168.4,RWD,2549.5,253.9,9.0,4.5,452.2
Mercedes,EQA 250 (v2021),46.9,188.3,155.1,FWD,1604.2,125.8,10.8,1.8,225.1
Polestar,Polestar 3 Long Range (v2021),106.1,226.4,171.3,FWD,2577.1,233.8,9.3,4.8,413.0
Lucid,Air Grand Touring (v2021),79.4,228.5,187.0,AWD,2289.1,398.4,7.2,7.1,328.7
Audi,Q6 e-tron (v2023),66.4,212.4,165.3,AWD,2167.7,204.2,9.2,3.4,305.4
Ford,Mustang Mach-E ER (v2023),86.2,206.1,166.4,RWD,2333.2,220.1,9.4,3.1,387.9
Audi,Q4 50 e-tron (v2025),64.9,201.9,174.7,FWD,2070.5,210.4,10.2,2.2,299.4
Jaguar,I-Pace Black (v2024),89.3,213.6,179.1,FWD,2215.0,347.0,8.4,7.0,390.4
Porsche,Taycan Cross Turismo (v2021),99.1,244.2,249.2,AWD,2590.6,754.3,3.6,2.7,387.2
Polestar,Polestar 2 Standard (v2021),87.8,227.4,155.7,AWD,2463.2,194.0,9.6,4.5,377.6
Tesla,Model 3 LR (v2024),81.8,221.3,169.9,AWD,2443.8,268.4,9.0,6.4,352.1
Tesla,Model 3 SR (v2023),107.2,237.1,272.4,RWD,2562.9,880.0,2.1,3.3,437.8
MG,MG4 EV Long Range (v2023),48.2,177.0,162.3,FWD,1607.1,186.4,9.7,2.0,258.4
Ford,Mustang Mach-E ER (v2025),64.2,206.5,156.8,AWD,2062.8,212.2,9.3,1.7,288.1
Porsche,Macan EV Turbo (v2023),67.2,196.1,178.1,AWD,1980.7,272.9,8.7,3.1,325.5
Toyota,bZ3 (v2021),105.0,216.1,187.9,RWD,2345.5,377.0,8.0,4.5,471.8
Chevrolet,Blazer EV RS (v2025),76.5,205.3,163.6,FWD,2100.5,196.8,10.4,3.4,333.5
Kia,Niro EV (v2022),93.6,228.5,191.5,FWD,2418.7,317.3,8.3,8.8,397.7
Lucid,Air Grand Touring (v2021),76.5,225.0,182.5,AWD,2292.0,337.2,7.8,5.2,313.0
Audi,e-tron S (v2024),46.9,191.7,153.5,FWD,1778.8,138.6,10.0,2.7,237.2
Toyota,bZ3 (v2023),106.6,247.2,178.3,AWD,2661.3,277.7,8.8,7.6,383.3
Polestar,Polestar 3 Long Range (v2025),93.2,203.0,166.6,FWD,2483.7,211.2,9.6,4.0,438.2
Tesla,Cybertruck Tri (v2023),87.5,256.3,224.7,AWD,2487.6,582.3,5.2,5.1,300.8
MG,ZS EV Long Range (v2025),35.4,192.3,136.1,AWD,1559.9,85.6,11.0,1.2,171.3
Honda,e:Ny1 (v2025),55.1,186.7,157.5,FWD,1770.7,205.4,9.6,5.1,282.3
Rivian,R1S Dual Motor (v2024),59.1,212.5,189.8,AWD,1847.9,397.5,6.8,3.1,262.2
Tesla,Model X LR (v2025),133.3,256.7,268.5,AWD,2757.5,880.0,2.1,9.4,458.6
MG,MG4 EV Standard (v2024),52.3,206.2,166.2,AWD,1946.5,203.8,10.1,2.4,244.5
Volkswagen,ID.4 GTX (v2023),48.6,186.7,158.2,FWD,1884.3,176.4,10.1,2.7,231.5
Ford,Mustang Mach-E ER (v2024),63.1,217.0,172.2,AWD,2029.3,237.1,9.7,3.7,271.5
Volvo,EX90 Performance (v2021),92.3,197.3,171.6,FWD,2109.8,235.2,9.3,5.7,414.5
Toyota,bZ4X AWD (v2025),86.0,230.2,186.5,AWD,2515.4,382.0,6.9,4.3,365.1
Polestar,Polestar 4 Dual (v2024),107.8,234.5,189.3,RWD,2589.8,311.7,8.5,6.8,405.6
BMW,i4 eDrive35 (v2024),65.1,197.2,173.6,RWD,1829.0,234.9,9.6,3.0,320.7
MG,ZS EV Long Range (v2022),39.0,182.2,162.6,FWD,1545.0,122.7,10.1,1.5,196.4
BYD,Seal RWD (v2024),95.8,208.1,165.0,RWD,2345.8,235.4,9.4,6.5,435.4
Kia,EV9 Light (v2023),68.0,204.8,166.3,RWD,2125.7,227.1,8.9,2.1,294.6
Chevrolet,Equinox EV (v2023),77.1,202.7,172.9,AWD,2018.7,242.7,9.1,2.7,363.8
Polestar,Polestar 2 Performance (v2022),52.5,211.6,165.1,AWD,1838.2,176.5,10.1,3.2,222.1
Chevrolet,Equinox EV (v2025),61.8,203.9,167.5,RWD,2083.6,197.1,9.6,2.0,271.1
Kia,Niro EV (v2025),58.8,194.3,152.8,FWD,1899.2,194.4,10.0,2.0,286.9
MG,MG4 EV XPOWER (v2024),35.0,196.3,148.4,FWD,1734.0,143.3,10.2,2.7,172.3
Toyota,bZ4X AWD (v2025),100.2,197.4,170.3,RWD,2226.9,273.0,9.2,4.3,487.7
Audi,Q4 40 e-tron (v2023),73.9,210.5,156.8,AWD,2262.1,185.6,9.9,7.4,311.6
Lucid,Air Grand Touring (v2025),69.7,211.7,221.3,AWD,1975.9,529.4,6.2,2.3,296.5
Mercedes,EQE SUV 350 (v2023),93.7,218.5,176.2,RWD,2379.8,308.1,8.0,2.7,419.5
Hyundai,Kona Electric 39kWh (v2025),108.1,233.7,188.4,FWD,2678.2,358.0,8.1,2.8,445.9
Kia,EV6 GT (v2024),78.5,198.2,171.9,RWD,2040.4,291.5,9.0,3.1,384.7
Volkswagen,ID.4 GTX (v2021),100.4,216.3,196.5,FWD,2408.0,398.0,7.4,3.1,451.5
Lucid,Air Touring (v2024),73.6,213.5,199.3,RWD,1896.9,464.2,6.2,3.6,336.1
Lucid,Air Touring (v2024),87.3,226.1,186.0,AWD,2295.8,349.2,7.5,4.0,359.2
Rivian,R1T Performance (v2025),62.9,214.1,190.7,AWD,1897.7,374.4,7.8,3.8,267.4
Lucid,Air Pure (v2024),109.4,269.1,273.8,AWD,2481.8,880.0,2.1,6.6,363.0
Chevrolet,Equinox EV (v2023),91.3,208.5,187.2,RWD,2219.3,347.5,8.5,7.8,412.2
MG,Cyberster RWD (v2021),57.2,187.8,163.7,RWD,1713.3,231.2,9.4,2.2,291.9
Jaguar,I-Pace HSE (v2024),91.6,223.8,167.0,AWD,2376.6,295.1,8.4,3.3,376.7
BMW,iX xDrive40 (v2025),89.0,220.6,185.0,FWD,2347.7,397.5,7.6,2.1,382.7
Audi,Q4 50 e-tron (v2024),93.8,211.1,195.9,RWD,2150.1,390.9,7.6,3.6,393.6
Kia,Soul EV (v2025),97.8,212.7,180.0,RWD,2385.3,290.6,8.5,4.0,425.2
Volkswagen,ID.5 GTX (v2021),55.7,183.1,155.9,FWD,1847.4,185.9,10.0,2.3,277.8
BYD,Seal AWD (v2024),104.5,224.8,193.2,FWD,2627.2,394.0,7.2,2.9,438.1
Volvo,C40 Recharge (v2025),84.8,232.6,169.2,AWD,2409.1,249.0,8.7,5.6,322.3
Polestar,Polestar 2 Standard (v2025),54.5,204.7,172.8,FWD,1996.7,230.3,9.2,1.3,247.3
Jaguar,I-Pace Black (v2025),72.1,190.2,156.6,RWD,1981.6,206.0,9.7,2.2,364.0
Chevrolet,Equinox EV (v2021),97.2,231.8,183.1,AWD,2612.8,247.5,8.5,2.9,382.7
MG,MG4 EV Standard (v2022),64.4,184.8,161.9,FWD,1975.8,188.1,10.1,3.3,318.5
Volkswagen,ID.5 GTX (v2024),48.6,185.5,155.8,FWD,1897.8,170.3,10.1,1.7,232.8
Ford,F-150 Lightning Extended (v2025),62.9,196.5,161.0,FWD,2007.1,244.9,9.1,2.9,286.0
Audi,Q4 Sportback (v2025),58.0,192.5,170.8,RWD,1908.0,217.9,9.8,2.2,290.5
BMW,iX M60 (v2025),52.7,194.5,151.6,AWD,1844.1,117.8,10.8,2.2,242.5
MG,MG5 EV (v2022),58.2,205.4,168.5,AWD,1894.1,207.0,9.4,2.6,274.6
Lucid,Air Pure (v2023),132.2,263.7,275.0,AWD,3066.1,880.0,2.1,7.2,473.8
Audi,Q4 40 e-tron (v2023),101.3,204.8,188.2,RWD,2321.8,263.1,9.0,7.2,441.9
Honda,e:Ny1 (v2023),52.7,201.5,152.0,FWD,1756.7,197.2,9.5,5.4,241.9
Honda,Prologue Touring (v2021),60.9,186.9,158.9,RWD,1865.8,160.3,10.0,2.5,315.7
Kia,Niro EV (v2022),70.5,209.0,160.0,RWD,2057.3,194.3,9.6,2.8,321.0
Tesla,Model 3 SR (v2025),92.1,226.7,216.8,AWD,2319.9,582.9,4.9,5.9,360.4
Nissan,Leaf 40kWh (v2023),74.9,198.9,156.0,RWD,1942.0,197.8,9.8,3.3,361.7
Tesla,Model X Plaid (v2024),79.4,224.9,204.8,AWD,2412.6,474.8,6.1,3.5,332.9
Tesla,Model 3 LR (v2025),137.6,275.0,270.7,AWD,3045.6,853.0,2.5,7.9,440.7
Audi,e-tron 55 (v2024),58.1,188.7,171.7,RWD,1697.9,210.4,9.7,1.4,294.7
Polestar,Polestar 2 Long Range (v2025),91.5,202.2,158.7,RWD,2132.3,216.0,9.4,9.4,423.6
Porsche,Taycan 4S (v2022),94.4,230.6,206.3,RWD,2415.5,464.3,6.2,4.0,361.9
Rivian,R1T Quad Motor (v2024),67.8,204.7,179.6,AWD,1905.7,284.3,8.6,3.1,311.2
Tesla,Model 3 LR (v2024),113.3,232.8,188.6,AWD,2541.2,371.7,7.7,5.2,471.3
Honda,Prologue Touring (v2025),41.2,202.6,149.3,AWD,1586.0,121.0,10.6,2.5,193.2
Porsche,Taycan Cross Turismo (v2021),90.6,226.8,175.9,AWD,2449.6,288.2,8.5,5.9,381.1
Volvo,EX90 Twin Motor (v2022),55.6,184.5,156.6,FWD,1827.9,224.7,9.4,1.7,270.9
BYD,Seal RWD (v2021),74.7,220.0,164.3,AWD,2128.5,226.4,10.0,6.0,309.0
Rivian,R1T Dual Motor (v2023),99.2,222.3,192.2,RWD,2423.4,394.3,7.9,4.3,423.1
MG,MG5 EV (v2025),35.1,197.2,148.1,FWD,1541.4,125.9,10.0,2.8,159.0
Rivian,R1T Performance (v2024),83.8,234.8,224.4,AWD,2159.3,568.4,5.2,3.3,317.7
Lucid,Air Touring (v2023),113.3,248.8,223.3,AWD,2660.3,546.4,5.7,4.8,418.6
Porsche,Taycan Turbo S (v2025),133.3,252.5,227.4,AWD,2787.1,660.2,5.0,9.1,501.5
Jaguar,I-Pace HSE (v2023),56.3,188.5,142.6,AWD,1839.2,162.2,10.0,2.4,267.9
MG,MG5 EV (v2022),63.4,219.9,176.2,AWD,2225.0,279.8,8.9,3.9,265.6
Audi,e-tron GT (v2025),108.4,241.8,173.1,AWD,2734.0,319.9,7.8,3.2,410.9
Jaguar,I-Pace EV400 (v2021),78.8,217.6,163.3,AWD,2177.4,232.3,9.2,4.0,341.2
Toyota,bZ4X AWD (v2024),87.1,215.9,177.5,RWD,2398.1,281.8,8.5,3.1,379.0
Hyundai,Ioniq 5 N (v2023),67.3,221.6,158.4,AWD,2224.4,223.2,9.0,2.1,290.5
Hyundai,Ioniq 6 Standard (v2025),90.2,205.5,171.9,FWD,2252.9,250.3,8.8,2.8,402.3
MG,MG5 EV (v2021),53.7,190.6,156.5,RWD,1890.2,150.4,10.4,1.6,267.1
Polestar,Polestar 2 Performance (v2025),48.2,181.4,156.6,FWD,1668.4,150.2,10.6,2.9,254.6
Lucid,Air Pure (v2023),120.8,238.0,196.5,AWD,2746.6,428.7,6.3,4.1,476.0
Volkswagen,ID.4 GTX (v2023),58.6,225.4,155.8,AWD,2184.3,226.8,9.5,4.8,247.1
Kia,EV6 GT-Line (v2021),45.4,189.9,154.4,FWD,1801.9,150.6,10.7,3.3,212.9
Lucid,Air Grand Touring (v2021),81.6,230.7,197.3,AWD,2383.8,406.3,7.4,2.9,320.8
Nissan,Leaf e+ (v2021),73.5,203.6,158.3,AWD,2100.9,194.3,9.4,5.7,353.3
Rivian,R1T Dual Motor (v2025),59.2,218.2,178.4,AWD,2151.6,285.6,9.1,3.6,264.6
Hyundai,Kona Electric 64kWh (v2021),62.9,205.3,169.6,FWD,2059.3,268.6,8.6,2.3,285.5
Kia,EV6 GT-Line (v2023),73.3,218.0,153.2,AWD,2150.8,188.8,8.9,2.4,316.4
Tesla,Model 3 SR (v2024),127.1,267.5,236.0,AWD,2995.2,661.0,4.2,9.1,430.7
Rivian,R1S Dual Motor (v2022),84.3,238.4,252.1,AWD,2150.5,771.3,2.9,4.5,337.7
Ford,E-Transit (v2024),72.6,212.4,179.2,AWD,2092.4,294.6,8.2,7.4,302.8
Jaguar,I-Pace HSE (v2024),57.0,200.0,157.0,AWD,1897.5,188.6,9.9,4.1,251.7
Ford,Mustang Mach-E GT (v2022),106.6,235.3,203.1,FWD,2556.0,469.2,6.0,3.8,403.9
Volkswagen,ID.3 Pro (v2023),96.1,214.3,188.5,FWD,2195.7,371.3,7.4,2.3,405.0
Tesla,Model S Plaid (v2022),100.5,232.2,199.7,RWD,2546.1,446.0,7.1,3.2,409.1
Toyota,bZ3 (v2025),103.9,232.5,175.0,AWD,2742.0,275.1,8.6,5.0,435.6
Tesla,Model 3 LR (v2023),115.4,230.4,197.6,RWD,2406.1,460.8,6.5,3.0,470.8
Kia,Niro EV (v2022),49.4,183.5,160.8,FWD,1768.2,165.3,10.4,1.9,253.7
Tesla,Model Y LR (v2021),61.8,223.0,194.5,AWD,2129.7,380.1,8.0,2.6,265.1
BYD,Dolphin Extended (v2023),77.5,219.9,164.0,AWD,2288.6,275.1,8.6,2.4,334.4
Hyundai,Kona Electric 64kWh (v2024),90.2,212.7,165.0,FWD,2105.7,257.5,8.8,2.5,375.2
Tesla,Cybertruck Dual (v2021),138.2,268.9,275.0,AWD,3150.0,880.0,2.1,3.6,458.3
Honda,Prologue Touring (v2023),60.3,183.1,166.7,FWD,1808.0,159.1,10.3,3.3,298.0
Rivian,R1S Quad Motor (v2025),62.7,210.2,195.7,AWD,2021.9,420.1,6.8,2.5,290.3
Porsche,Taycan 4S (v2022),102.5,240.2,243.4,AWD,2396.8,709.2,3.5,4.6,385.2
Lucid,Air Touring (v2021),132.3,273.3,272.0,AWD,2901.8,880.0,2.1,4.1,451.6
BMW,iX M60 (v2023),99.2,214.9,199.6,FWD,2336.0,390.2,7.3,5.8,451.0
BMW,iX xDrive50 (v2024),59.8,182.5,160.3,RWD,1725.8,205.3,9.9,4.8,288.9
Porsche,Taycan Turbo S (v2024),123.4,242.7,271.6,RWD,2868.0,880.0,2.1,3.3,459.5
Polestar,Polestar 3 Long Range (v2021),85.0,206.9,203.3,RWD,2040.7,372.4,7.7,2.0,383.1
BMW,i5 eDrive40 (v2023),66.3,205.8,170.0,RWD,1941.0,271.4,8.8,3.5,292.1
Chevrolet,Silverado EV WT (v2025),86.6,231.2,190.3,AWD,2188.5,362.3,7.7,2.5,358.5
Polestar,Polestar 2 Standard (v2025),73.4,208.7,158.0,AWD,2057.8,165.5,10.0,2.2,338.2
Chevrolet,Bolt EUV (v2024),99.2,212.3,179.1,RWD,2318.9,275.7,9.0,2.5,428.8
Porsche,Taycan Turbo (v2024),107.6,250.6,262.4,AWD,2604.5,791.7,3.4,2.9,393.0
BYD,Atto 3 (v2021),104.5,212.9,173.3,FWD,2625.9,265.1,8.8,11.0,439.3
Polestar,Polestar 4 Dual (v2021),105.4,235.0,183.5,RWD,2610.8,343.6,8.1,2.5,406.3
BMW,i5 eDrive40 (v2023),100.2,232.0,173.7,FWD,2577.6,284.3,8.4,10.2,391.8
Mercedes,EQS 580 (v2021),62.3,196.8,156.3,RWD,2108.1,188.7,9.4,1.8,299.2
Audi,Q8 50 e-tron (v2024),101.0,214.0,176.9,FWD,2227.5,323.6,8.1,5.0,450.2
MG,ZS EV Long Range (v2022),39.5,171.2,159.5,RWD,1588.6,146.9,10.6,1.4,208.9
Rivian,R1T Quad Motor (v2025),73.9,233.0,208.5,AWD,2332.9,526.9,6.3,6.0,306.6
MG,ZS EV Long Range (v2023),59.4,186.7,166.1,RWD,1810.9,244.5,9.5,1.9,288.9
Tesla,Model 3 SR (v2024),133.8,275.0,275.0,AWD,3083.5,880.0,2.1,5.3,446.8
BMW,i4 eDrive40 (v2025),103.7,239.1,176.0,AWD,2611.6,237.6,8.9,3.1,382.7
Mercedes,EQB 300 (v2025),83.1,216.9,175.5,AWD,2295.2,248.5,9.1,2.7,350.1
Honda,Prologue Touring (v2024),37.8,213.7,142.2,AWD,1842.8,94.5,11.2,1.8,171.4
Tesla,Model 3 LR (v2023),66.4,203.3,196.2,AWD,2030.2,429.0,7.0,2.4,316.1
Rivian,R1T Quad Motor (v2023),95.1,227.2,244.5,RWD,2191.2,767.0,2.9,3.9,392.6
BMW,iX xDrive40 (v2023),66.7,204.3,172.7,FWD,1790.5,261.6,8.8,6.6,312.8
MG,ZS EV Long Range (v2021),36.8,193.0,146.0,RWD,1634.7,115.6,10.8,2.9,180.8
Chevrolet,Bolt EUV (v2024),64.2,203.7,154.8,RWD,2114.3,206.3,9.8,2.4,278.9
Ford,F-150 Lightning Standard (v2022),77.3,200.6,177.3,RWD,2204.0,316.7,7.9,3.5,347.8
Volkswagen,ID.3 Pro (v2021),76.4,204.0,164.8,FWD,2202.0,202.0,9.4,2.1,355.3
Honda,Prologue Touring (v2021),73.6,202.1,167.8,FWD,2145.3,228.3,9.7,3.5,343.8
Lucid,Air Grand Touring (v2022),83.6,226.9,195.6,AWD,2296.5,430.6,6.7,4.1,357.8
Hyundai,Ioniq 6 Long Range (v2023),84.0,217.1,194.1,AWD,2131.6,372.6,7.4,4.0,344.2
Ford,Mustang Mach-E ER (v2023),49.1,187.7,166.2,AWD,1734.2,186.7,10.3,1.4,249.2
Chevrolet,Bolt EUV (v2021),108.2,216.2,174.2,AWD,2437.2,272.6,8.6,3.7,489.1
Mercedes,EQE SUV 350 (v2024),87.0,208.6,178.7,AWD,2200.7,310.9,8.3,3.1,377.3
Volvo,EX30 Twin Motor (v2023),82.8,206.2,175.9,RWD,2324.5,302.7,8.3,2.9,383.0
Nissan,Ariya 87kWh (v2021),57.6,189.8,151.5,FWD,2038.6,164.9,9.9,1.5,280.5
Kia,EV6 Light (v2023),61.6,191.3,164.6,RWD,1894.3,208.7,9.6,3.0,286.9
Volkswagen,ID. Buzz Pro (v2025),107.2,218.1,172.0,FWD,2374.4,245.4,9.2,4.2,457.7
Polestar,Polestar 3 Long Range (v2021),63.9,199.5,157.5,RWD,1877.9,142.9,10.3,2.2,303.0
Jaguar,I-Pace EV400 (v2022),98.1,217.8,191.8,AWD,2271.9,420.2,6.9,5.0,398.1
Polestar,Polestar 2 Long Range (v2023),109.4,225.0,201.1,FWD,2647.5,376.7,7.2,9.5,443.7
Honda,e (v2021),53.1,189.5,163.7,FWD,1899.0,231.5,9.4,1.6,260.9
Chevrolet,Equinox EV (v2024),83.3,204.5,175.2,FWD,2061.3,313.5,8.4,2.8,395.7
Honda,e:Ny1 (v2023),67.5,205.6,162.8,AWD,1929.3,223.9,9.7,3.1,289.1
BMW,iX xDrive40 (v2024),64.6,203.9,157.9,RWD,1944.8,173.3,9.9,3.7,298.4
Ford,Mustang Mach-E GT (v2021),84.6,195.7,172.3,FWD,2143.6,250.1,9.3,2.7,403.3
Polestar,Polestar 2 Long Range (v2025),97.7,211.8,175.8,AWD,2347.1,265.4,8.5,2.8,407.9
Polestar,Polestar 2 Standard (v2021),66.8,225.5,170.9,AWD,2206.0,246.3,8.9,2.2,267.9
Hyundai,Ioniq 6 Standard (v2022),83.7,203.3,168.5,FWD,2002.1,246.8,9.1,4.6,401.2
Honda,e:Ny1 (v2021),36.6,192.3,153.1,AWD,1840.2,155.0,10.5,2.2,185.0
Volvo,C40 Recharge (v2022),77.7,210.0,170.5,FWD,2253.9,197.4,9.8,2.3,357.6
BYD,Han EV (v2023),74.8,204.8,161.3,FWD,2087.5,182.5,9.2,5.8,335.3
Mercedes,EQG 580 (v2023),70.6,200.1,164.8,FWD,2017.7,204.2,9.6,2.4,342.7
Honda,e:Ny1 (v2023),36.0,189.9,155.5,FWD,1793.5,158.7,10.2,1.6,174.3
Hyundai,Kona Electric 39kWh (v2021),97.9,214.3,192.3,AWD,2258.2,363.9,8.2,4.0,408.5
BYD,Han EV (v2025),106.5,243.9,199.1,FWD,2484.1,461.2,6.9,2.8,406.2
Mercedes,EQE SUV 350 (v2024),92.0,214.5,183.0,FWD,2325.4,352.9,7.8,4.3,391.1
Jaguar,I-Pace Black (v2024),88.5,214.8,181.3,RWD,2253.4,336.7,8.0,3.6,375.6
Volkswagen,ID.7 Pro (v2024),103.6,209.5,198.5,FWD,2273.3,442.8,6.7,2.6,465.1
Ford,Mustang Mach-E ER (v2021),76.3,211.4,180.7,RWD,2025.6,304.7,8.5,4.3,322.3
Mercedes,EQS 450+ (v2023),67.3,213.8,189.4,AWD,2113.4,301.5,8.3,7.5,304.4
Rivian,R1S Dual Motor (v2022),100.8,223.4,186.3,RWD,2558.1,305.6,8.8,2.4,416.6
Honda,Prologue Touring (v2021),46.1,194.1,165.7,RWD,1678.8,165.1,10.4,2.6,217.6
Honda,Prologue Touring (v2025),44.7,184.7,150.7,FWD,1517.0,123.7,10.4,2.8,232.3
Volkswagen,ID.4 Pro (v2023),46.4,187.1,156.8,FWD,1893.9,163.7,10.0,4.4,222.1
Toyota,bZ3 (v2023),58.6,214.0,159.6,RWD,1978.2,183.9,10.1,2.6,267.3
Ford,Mustang Mach-E ER (v2023),92.2,228.3,190.1,AWD,2239.2,414.8,6.9,2.9,367.0
BYD,Seal AWD (v2021),96.8,228.8,191.2,RWD,2493.4,401.6,7.6,9.6,412.5
Audi,RS e-tron GT (v2024),99.8,215.4,192.8,RWD,2358.7,404.7,7.0,4.2,431.5
Chevrolet,Bolt EV (v2025),47.3,202.1,157.6,FWD,1711.8,192.2,9.6,2.4,210.9
BMW,i7 xDrive60 (v2022),101.2,211.3,170.6,FWD,2524.9,266.9,8.4,2.5,441.0
BMW,iX1 xDrive30 (v2025),90.6,224.7,188.8,AWD,2452.5,374.5,7.7,2.7,394.6
Ford,Mustang Mach-E GT (v2025),57.4,215.3,170.6,AWD,2118.9,221.6,10.0,3.4,250.0
Tesla,Model X LR (v2021),62.3,205.9,204.3,RWD,1891.5,426.6,7.1,2.1,295.8
Jaguar,I-Pace HSE (v2024),89.1,237.7,172.0,AWD,2280.6,288.4,8.4,2.9,333.4
BMW,i4 eDrive40 (v2022),45.7,188.5,158.4,RWD,1643.3,142.5,10.2,3.0,236.2
Volkswagen,ID.4 GTX (v2024),53.3,184.2,152.4,FWD,1831.0,147.5,10.3,2.5,262.5
Jaguar,I-Pace EV400 (v2023),102.0,231.4,185.3,AWD,2481.6,245.0,9.1,3.0,413.9
Hyundai,Kona Electric 39kWh (v2022),62.3,202.7,155.4,FWD,2049.1,138.5,10.0,3.3,294.6
Chevrolet,Bolt EV (v2023),66.4,183.6,167.1,FWD,1856.4,269.5,8.6,2.9,333.3
Toyota,bZ3 (v2025),52.8,201.5,169.7,AWD,1776.4,215.7,8.9,2.1,256.6
MG,MG4 EV Long Range (v2022),48.8,194.4,153.8,AWD,1686.0,147.6,10.4,2.2,243.6
Honda,e:Ny1 (v2025),35.5,186.2,141.1,AWD,1674.9,101.3,11.1,1.9,183.1
Tesla,Model Y Performance (v2024),131.0,260.8,271.9,AWD,2783.7,880.0,2.1,2.9,452.3
BMW,i4 eDrive40 (v2024),74.6,209.8,174.8,FWD,2017.4,258.2,8.7,3.1,323.4
Nissan,Townstar EV (v2021),71.6,205.0,169.8,FWD,2030.3,264.1,8.7,2.2,337.5
Porsche,Taycan 4S (v2023),77.4,239.0,233.2,AWD,2267.6,653.7,4.7,8.0,305.3
BYD,Seal RWD (v2025),51.1,202.7,169.6,AWD,1871.0,226.9,9.5,2.9,244.6
Kia,EV6 Light (v2024),69.4,204.5,171.3,AWD,1938.0,271.0,9.0,5.7,313.1
Kia,EV6 GT (v2025),81.3,197.4,191.4,FWD,2130.2,350.9,7.9,3.2,373.3
Honda,Prologue Touring (v2022),37.8,184.4,140.9,RWD,1702.5,128.1,10.2,3.5,198.7
Porsche,Taycan 4S (v2023),80.5,215.5,202.8,RWD,2006.6,502.8,6.1,2.2,347.5
Ford,F-150 Lightning Extended (v2023),93.5,202.3,182.0,FWD,2256.6,366.6,7.6,2.3,452.1
Toyota,bZ4X FWD (v2021),81.4,216.9,189.8,FWD,2233.0,354.3,7.7,2.8,357.6
Lucid,Air Sapphire (v2025),94.2,216.0,182.5,RWD,2484.1,353.7,7.9,2.8,420.6
Tesla,Model Y Performance (v2021),89.3,234.1,190.5,AWD,2434.9,362.0,7.8,3.1,337.2
Chevrolet,Silverado EV WT (v2023),96.9,219.5,194.1,RWD,2511.5,326.8,8.0,4.5,420.7
Rivian,R1S Dual Motor (v2021),59.6,234.1,214.1,AWD,2037.2,502.1,6.0,3.1,230.6
Lucid,Air Sapphire (v2022),69.8,211.8,202.8,RWD,1951.6,477.2,6.4,5.1,304.2
Ford,Mustang Mach-E SR (v2025),56.3,175.9,152.1,AWD,1757.4,130.8,10.5,4.9,300.2
Honda,e:Ny1 (v2021),69.1,215.5,157.1,AWD,2106.2,187.1,9.5,2.3,308.2
Toyota,bZ4X AWD (v2024),100.3,253.4,194.7,AWD,2714.0,398.7,7.2,4.5,360.7
BYD,Atto 3 (v2022),64.1,207.4,167.7,AWD,1886.0,273.4,8.8,2.1,295.6
Tesla,Cybertruck Dual (v2021),60.5,219.5,194.4,AWD,2064.7,362.5,8.3,2.0,247.6
Kia,Soul EV (v2022),55.3,201.8,159.2,AWD,2099.1,171.5,10.0,2.5,257.6
Polestar,Polestar 3 Long Range (v2021),102.5,220.6,170.5,FWD,2497.9,273.8,9.1,3.6,425.5
Lucid,Air Pure (v2021),114.1,263.9,244.2,AWD,2537.0,694.1,3.7,2.7,395.8
Porsche,Macan EV 4 (v2024),126.6,247.3,234.6,AWD,2737.7,652.3,3.9,8.2,488.1
Polestar,Polestar 3 Long Range (v2024),61.8,191.1,158.7,RWD,2029.9,190.2,9.9,2.0,288.3
Mercedes,EQE 500 (v2025),76.4,202.8,176.9,FWD,2086.3,295.6,8.4,2.0,368.5
Hyundai,Kona Electric 64kWh (v2025),80.4,212.6,160.9,RWD,2087.7,209.3,9.0,3.0,351.9
Ford,F-150 Lightning Standard (v2023),75.7,220.8,163.0,AWD,2372.5,246.6,9.5,3.9,302.7
Hyundai,Kona Electric 64kWh (v2021),64.0,201.6,159.0,AWD,1983.2,179.1,9.8,4.0,303.1
Tesla,Cybertruck Dual (v2021),79.1,206.1,237.4,AWD,2151.6,676.8,4.1,5.2,364.4
Volvo,EX90 Performance (v2021),91.0,227.0,179.5,AWD,2318.0,309.2,8.5,8.8,360.1
Hyundai,Ioniq 5 Long Range (v2024),90.7,219.3,192.8,FWD,2184.8,389.6,7.7,2.7,368.8
Honda,Prologue EX (v2024),61.6,191.1,161.6,FWD,1955.7,223.9,9.2,1.9,310.7
BMW,i5 M60 (v2024),97.9,207.1,182.2,FWD,2313.6,377.0,8.0,3.0,440.0
Honda,Prologue Touring (v2022),66.8,184.3,149.9,FWD,1926.6,156.8,10.7,2.5,338.1
Mercedes,EQE 500 (v2021),48.3,208.5,155.3,AWD,1764.6,175.1,10.0,3.4,209.2
Kia,EV9 Light (v2023),100.5,227.0,164.5,AWD,2471.6,234.8,9.3,3.3,391.0
Toyota,bZ4X AWD (v2024),92.1,216.2,174.3,FWD,2307.0,226.4,9.7,2.4,397.1
Polestar,Polestar 4 Dual (v2021),83.8,203.2,173.6,FWD,2274.9,274.7,8.8,2.9,366.3
Chevrolet,Blazer EV RS (v2021),81.9,224.4,172.1,RWD,2342.6,298.3,8.4,5.5,352.7
Honda,e:Ny1 (v2021),65.5,204.7,174.3,FWD,1823.1,276.4,9.1,3.8,296.4
Nissan,Leaf e+ (v2024),48.7,193.6,154.8,FWD,1877.4,172.8,10.2,2.0,232.3
Polestar,Polestar 4 Dual (v2025),51.5,202.5,160.7,AWD,2077.7,205.5,9.5,2.5,247.2
Ford,F-150 Lightning Extended (v2023),85.0,197.3,166.3,RWD,2169.2,254.7,8.8,5.9,382.6
MG,MG4 EV Standard (v2021),59.4,216.0,155.9,AWD,2146.2,154.0,10.6,1.4,261.2
Mercedes,EQE 500 (v2022),97.4,225.0,184.5,RWD,2554.6,316.3,7.9,3.5,423.8
Jaguar,I-Pace EV400 (v2025),73.6,205.9,194.9,FWD,2208.3,319.1,8.3,3.1,324.0
Porsche,Taycan Cross Turismo (v2021),131.0,255.7,242.7,AWD,2965.0,741.9,3.4,3.1,474.3
Polestar,Polestar 2 Performance (v2022),74.4,217.3,158.3,AWD,2197.6,242.2,8.4,3.3,302.5
Lucid,Air Sapphire (v2022),101.7,257.9,255.3,AWD,2675.4,730.1,3.2,6.1,361.7
Mercedes,EQE SUV 350 (v2025),81.2,213.8,190.2,RWD,2363.0,356.3,7.3,6.9,349.0
Rivian,R1T Performance (v2025),54.3,210.6,184.0,AWD,1755.7,316.0,8.1,3.3,242.2
Polestar,Polestar 2 Standard (v2025),74.9,207.2,168.2,RWD,2037.6,203.2,9.6,2.5,328.1
Honda,e:Ny1 (v2023),69.4,181.8,158.6,FWD,1897.1,153.3,10.1,3.7,368.4
Mercedes,EQE 350+ (v2022),67.8,196.1,160.1,FWD,1862.0,200.4,9.0,2.2,320.5
Honda,e (v2021),51.5,199.1,165.1,FWD,1945.4,206.6,9.7,2.1,237.8
Nissan,Ariya 63kWh (v2021),63.5,190.1,174.2,RWD,1987.5,283.4,8.2,1.9,324.6
Volvo,EX30 Single Motor (v2021),46.0,207.6,158.5,AWD,2011.0,182.4,9.8,1.3,203.8
Ford,E-Transit (v2023),64.8,209.9,167.4,FWD,2106.7,203.7,9.8,4.7,284.7
BYD,Seal AWD (v2021),81.2,212.3,178.3,FWD,2074.9,293.8,8.8,4.0,346.7
Porsche,Macan EV Turbo (v2022),91.7,225.0,198.3,AWD,2230.4,461.8,5.9,4.6,380.3
Toyota,bZ4X AWD (v2021),90.8,211.3,170.0,RWD,2279.6,234.1,9.2,2.7,393.2
Ford,F-150 Lightning Extended (v2022),73.3,204.3,159.5,AWD,1993.2,227.0,9.4,3.3,323.5
Chevrolet,Bolt EV (v2023),53.2,200.7,158.4,FWD,1949.2,197.5,9.6,2.2,247.0
Polestar,Polestar 2 Performance (v2024),48.8,200.0,168.4,AWD,1956.9,213.7,9.0,1.8,216.1
Volvo,EX90 Performance (v2024),52.6,184.1,150.6,RWD,1774.7,159.5,10.2,3.3,274.9
Ford,E-Transit (v2025),82.9,211.1,186.0,FWD,2314.5,346.6,8.1,6.0,372.8
Volvo,EX30 Twin Motor (v2025),74.0,212.5,183.4,FWD,2088.6,328.9,8.5,2.4,337.0
Nissan,Ariya e-4ORCE (v2022),72.3,232.3,177.7,AWD,2153.0,324.7,7.9,3.4,291.1
Audi,Q8 55 e-tron (v2022),101.4,220.1,178.0,AWD,2425.0,282.5,8.8,3.1,437.8
Honda,Prologue Touring (v2023),49.8,178.6,162.5,FWD,1608.8,181.0,10.2,2.3,256.2
Ford,F-150 Lightning Extended (v2024),78.4,200.9,172.8,FWD,2324.2,214.9,9.3,1.9,361.9
Tesla,Model Y Performance (v2025),100.2,232.8,232.9,AWD,2322.0,598.6,5.1,2.8,420.8
Toyota,bZ3 (v2022),70.3,203.2,167.7,FWD,2087.6,200.5,9.1,5.9,334.5
Toyota,bZ4X AWD (v2022),84.0,202.0,176.3,RWD,2210.0,273.9,8.7,3.4,369.0
Tesla,Cybertruck Dual (v2022),99.1,245.5,215.9,AWD,2646.7,547.7,5.7,6.6,373.2
Hyundai,Ioniq EV (v2022),84.4,213.9,160.8,FWD,2301.8,211.1,9.8,2.2,366.7
Tesla,Model S Dual (v2021),138.1,233.0,206.7,RWD,2926.0,472.5,6.0,4.5,560.2
BYD,Atto 3 (v2025),103.7,223.9,188.4,RWD,2476.4,334.6,7.8,7.7,420.5
Rivian,R1T Performance (v2024),51.0,212.8,184.4,AWD,1648.9,340.0,7.4,2.6,211.2
MG,MG4 EV Standard (v2021),47.1,198.5,158.1,AWD,1982.2,152.7,11.1,2.7,230.2
Hyundai,Ioniq 6 Long Range (v2022),63.5,211.9,179.4,AWD,1988.6,264.1,9.0,1.8,283.2
Chevrolet,Blazer EV LT (v2024),56.7,198.9,162.8,FWD,2030.9,211.3,9.5,3.8,267.7
Ford,Mustang Mach-E SR (v2023),59.9,204.7,161.1,FWD,1870.5,225.0,9.5,2.2,258.4
Jaguar,I-Pace Black (v2023),94.1,234.5,185.9,AWD,2456.0,358.2,7.6,3.9,381.4
Volvo,EX30 Twin Motor (v2021),102.4,213.4,192.7,FWD,2373.8,371.3,8.0,5.0,443.6
Rivian,R1T Quad Motor (v2022),59.5,207.5,173.4,AWD,2085.1,225.3,9.1,2.3,254.6
Hyundai,Kona Electric 39kWh (v2024),99.8,216.4,185.9,RWD,2364.9,341.9,8.0,4.0,435.2
Ford,Mustang Mach-E SR (v2025),106.1,218.2,178.2,AWD,2551.4,328.8,8.1,4.2,464.1
Audi,Q4 50 e-tron (v2025),73.4,207.2,178.5,RWD,2049.9,299.5,8.8,6.6,338.3
Mercedes,EQC 400 (v2023),80.2,211.7,174.0,AWD,2287.6,235.9,9.8,3.2,351.6
Porsche,Taycan 4S (v2024),95.2,234.9,206.9,AWD,2329.9,501.5,6.2,4.2,364.2
Tesla,Cybertruck Tri (v2023),77.9,220.2,209.3,AWD,2093.7,502.5,6.5,2.8,324.8
Mercedes,EQS SUV 450 (v2022),94.9,202.9,181.8,RWD,2410.9,332.6,8.4,3.0,441.1
MG,ZS EV Long Range (v2023),42.3,197.3,149.1,RWD,1570.9,119.8,10.5,4.1,206.0
Honda,Prologue EX (v2025),44.4,206.2,155.0,AWD,1852.9,151.1,9.5,1.7,200.6
Tesla,Cybertruck Tri (v2022),128.4,247.5,216.5,AWD,2903.2,544.0,6.1,4.8,507.6
BMW,iX xDrive40 (v2024),94.8,227.5,198.9,AWD,2309.8,376.6,7.6,5.2,398.7
Toyota,bZ4X FWD (v2023),61.6,204.8,159.7,AWD,2003.6,199.8,9.5,2.3,278.8
BYD,Dolphin Standard (v2022),71.6,199.6,152.2,RWD,2163.2,164.9,9.5,3.5,339.9
Chevrolet,Blazer EV LT (v2022),57.7,189.1,159.5,FWD,1771.2,156.5,9.9,5.0,296.6
Chevrolet,Bolt EUV (v2024),78.3,197.8,188.5,FWD,1954.3,333.5,7.9,3.1,376.7
Mercedes,EQE SUV 350 (v2025),56.9,192.3,161.9,RWD,1978.9,255.5,9.0,2.4,262.3
Audi,Q6 e-tron (v2024),96.9,237.8,194.7,AWD,2654.2,380.4,7.9,3.5,358.8
Polestar,Polestar 4 Dual (v2023),100.7,220.9,191.7,FWD,2569.3,337.1,8.0,4.6,433.3
Mercedes,EQS 580 (v2022),86.5,224.7,190.2,FWD,2412.4,326.5,8.0,3.3,373.4
Nissan,Ariya 87kWh (v2022),69.3,202.2,166.8,RWD,2046.4,251.1,8.9,4.7,314.0
Nissan,Ariya e-4ORCE (v2025),52.7,197.7,157.9,AWD,1900.6,173.0,9.9,2.5,246.8
Tesla,Model X LR (v2021),122.5,243.8,233.5,AWD,2716.9,629.4,4.9,3.2,447.0
Lucid,Air Touring (v2025),103.2,228.1,199.4,AWD,2385.6,443.3,6.6,6.4,434.5
Porsche,Macan EV Turbo (v2023),73.5,227.6,183.8,AWD,2070.7,322.6,7.9,5.3,311.0
Porsche,Taycan Turbo S (v2024),118.3,268.0,275.0,AWD,2746.1,877.6,2.1,3.7,391.9
MG,ZS EV Long Range (v2022),70.5,197.2,180.2,FWD,2086.0,309.5,8.8,2.0,348.7
Tesla,Model X LR (v2024),107.4,262.4,264.1,AWD,2594.1,860.5,2.1,5.5,374.3
Hyundai,Kona Electric 39kWh (v2024),98.9,218.9,172.5,AWD,2600.8,286.3,8.7,3.9,405.3
Volkswagen,ID.4 GTX (v2022),101.9,212.1,190.2,FWD,2599.9,369.1,7.6,5.2,451.0
Honda,e:Ny1 (v2021),69.0,189.4,158.8,FWD,1936.1,205.6,9.3,1.8,354.9
Rivian,R1S Quad Motor (v2023),65.8,231.1,189.0,AWD,2249.1,354.1,7.5,5.9,274.8
Kia,EV9 Light (v2024),99.6,215.3,179.9,FWD,2370.9,273.9,8.1,6.9,427.3
Audi,Q4 50 e-tron (v2023),71.1,206.1,154.4,FWD,2166.4,177.1,9.8,2.6,311.9
Volvo,EX90 Performance (v2023),51.2,201.7,146.9,AWD,1822.9,163.0,10.3,3.5,243.3
Rivian,R1T Dual Motor (v2021),87.3,221.5,177.4,RWD,2334.6,336.6,7.9,8.8,373.1
Polestar,Polestar 2 Long Range (v2021),93.0,209.4,167.2,AWD,2217.4,278.2,9.0,2.5,425.9
Tesla,Cybertruck Dual (v2021),65.7,222.7,198.4,RWD,2102.6,440.8,6.6,1.9,287.7
Polestar,Polestar 2 Performance (v2023),101.6,218.6,184.1,RWD,2232.0,348.1,7.9,6.9,415.3
Kia,EV9 GT-Line (v2021),83.5,211.3,180.6,RWD,2298.5,300.5,8.8,6.6,370.7
BMW,iX xDrive50 (v2024),92.5,208.2,177.5,RWD,2114.1,302.4,8.6,4.0,392.4
Hyundai,Kona Electric 39kWh (v2022),99.5,222.6,183.7,FWD,2543.9,342.5,7.9,3.7,425.9
Porsche,Taycan Cross Turismo (v2024),98.3,234.4,207.1,AWD,2481.9,428.9,6.9,2.5,372.0
Volvo,XC40 Recharge (v2021),57.5,206.8,160.1,FWD,2057.8,199.3,9.8,2.7,252.2
Polestar,Polestar 3 Long Range (v2023),84.1,195.8,162.3,RWD,2020.7,246.8,9.0,4.4,379.6
Volkswagen,ID.5 Pro (v2024),76.3,204.4,163.8,RWD,2039.3,198.8,9.6,2.2,357.7
Audi,Q4 Sportback (v2024),55.1,190.7,156.8,FWD,1798.5,148.7,10.5,1.9,266.8
Volvo,C40 Recharge (v2025),56.6,181.7,159.1,FWD,1688.2,204.9,9.6,3.4,282.5
Volkswagen,ID. Buzz Pro (v2022),84.7,218.9,173.9,AWD,2136.1,279.3,8.9,2.5,368.6
Volkswagen,ID. Buzz Pro (v2025),50.3,186.5,149.8,FWD,1870.0,111.5,10.5,1.5,243.8
Hyundai,Ioniq 5 N (v2021),51.1,189.9,151.7,FWD,1677.1,138.8,10.3,3.5,238.1
Jaguar,I-Pace Black (v2022),94.1,221.8,203.8,RWD,2245.4,409.1,6.6,6.1,376.9
Ford,Mustang Mach-E ER (v2025),84.4,203.1,165.0,FWD,2205.1,243.5,9.0,3.2,371.8
Volkswagen,ID.3 Pro S (v2023),52.7,199.4,164.7,AWD,1768.1,182.8,9.9,3.7,253.5
Chevrolet,Bolt EV (v2021),59.5,188.8,173.4,RWD,1949.9,264.2,8.7,2.3,296.0
Volvo,C40 Recharge (v2021),46.3,179.9,163.2,FWD,1836.6,160.3,9.8,1.6,244.2
Lucid,Air Grand Touring (v2024),98.1,233.4,206.6,RWD,2434.9,444.2,6.9,5.1,393.1
BYD,Dolphin Standard (v2025),80.3,204.4,181.6,FWD,2021.0,314.3,8.4,5.6,377.3
BMW,i7 xDrive60 (v2021),71.8,214.3,169.3,AWD,2263.9,242.5,8.9,2.4,325.0
Tesla,Model S Plaid (v2024),104.9,241.0,222.0,AWD,2506.2,533.4,5.8,2.4,383.9
Rivian,R1T Dual Motor (v2022),50.2,209.8,173.8,AWD,1975.7,248.6,9.0,1.3,232.7
Tesla,Model S Plaid (v2025),79.1,225.2,235.0,AWD,2314.6,628.7,4.4,5.2,326.1
Jaguar,I-Pace EV400 (v2022),103.4,216.2,198.0,RWD,2243.5,403.2,6.7,3.6,442.7
Jaguar,I-Pace Black (v2022),66.8,217.8,176.8,AWD,2165.9,299.5,9.0,2.2,275.5
MG,MG4 EV XPOWER (v2022),43.0,183.7,161.8,FWD,1848.0,143.8,10.1,2.1,209.2
Rivian,R1T Dual Motor (v2024),108.4,265.2,236.2,AWD,2752.5,675.1,4.4,6.1,392.9
Volkswagen,ID.7 Pro (v2024),46.8,196.6,153.7,AWD,1701.5,160.4,9.8,1.5,211.3
Jaguar,I-Pace HSE (v2025),101.4,212.2,167.2,FWD,2341.0,241.5,9.6,2.5,448.7
Audi,e-tron GT (v2024),91.3,209.6,177.9,FWD,2384.0,293.1,8.4,4.0,385.7
Toyota,bZ3 (v2022),48.5,198.4,161.8,AWD,1855.2,176.7,10.1,1.9,232.6
BMW,i5 eDrive40 (v2021),58.7,193.2,154.3,RWD,1753.6,197.9,10.1,1.8,285.5
Mercedes,EQE 350+ (v2021),79.9,209.4,184.0,RWD,2211.2,342.8,8.1,3.1,360.3
Lucid,Air Touring (v2021),90.6,234.1,206.4,AWD,2405.4,498.7,6.0,2.1,363.9
Ford,Mustang Mach-E GT (v2024),78.2,198.5,174.3,RWD,2020.0,244.5,9.0,2.0,373.0
Audi,e-tron GT (v2025),63.5,203.7,167.8,AWD,2023.1,263.0,9.1,5.4,301.9
Chevrolet,Bolt EUV (v2025),73.5,207.8,158.9,AWD,2171.5,245.3,9.2,3.0,313.3
Chevrolet,Bolt EV (v2025),59.2,204.1,168.2,RWD,1764.4,247.4,9.5,1.9,266.7
Rivian,R1T Quad Motor (v2025),75.0,215.7,236.1,RWD,2071.6,622.3,4.5,2.7,329.4
Hyundai,Ioniq 5 N (v2024),85.7,219.4,189.0,FWD,2394.9,377.4,7.4,2.7,348.1
Ford,F-150 Lightning Extended (v2024),74.4,181.2,170.0,FWD,1889.3,240.0,9.0,4.8,398.3
Audi,Q8 50 e-tron (v2021),60.0,205.9,160.9,AWD,1957.0,205.0,9.5,1.8,278.6
Porsche,Taycan Turbo (v2025),61.2,203.9,197.3,RWD,1975.8,408.6,6.4,6.0,290.1
Porsche,Taycan Cross Turismo (v2025),77.8,228.6,181.3,AWD,2087.2,346.4,7.4,3.2,306.4
Lucid,Air Grand Touring (v2023),67.7,225.8,187.5,AWD,2090.6,362.2,7.4,2.8,292.9
Audi,Q6 e-tron (v2025),109.6,228.8,187.4,RWD,2515.2,379.8,7.9,8.5,436.0
Volvo,XC40 Recharge (v2023),45.3,184.3,146.3,FWD,1657.5,111.7,10.3,1.8,227.4
Ford,F-150 Lightning Extended (v2025),98.4,208.8,169.6,RWD,2383.4,279.3,9.0,5.9,421.5
Hyundai,Kona Electric 39kWh (v2021),99.6,213.0,198.2,RWD,2268.8,425.8,6.8,4.7,413.6
Volvo,EX30 Twin Motor (v2022),70.4,215.2,161.9,AWD,2244.2,204.4,9.4,2.0,295.1
MG,Cyberster RWD (v2025),44.5,179.2,142.9,RWD,1786.4,133.4,11.1,1.5,239.2
Toyota,bZ3 (v2023),55.2,178.7,143.2,RWD,1853.8,142.5,10.6,3.8,294.2
Hyundai,Ioniq 5 N (v2022),109.9,238.0,186.4,AWD,2733.1,349.4,7.6,9.1,423.9
Volkswagen,ID.5 GTX (v2024),106.5,221.8,184.2,FWD,2418.6,307.9,8.5,3.4,440.8
Hyundai,Ioniq 6 Long Range (v2023),77.6,210.1,153.8,RWD,2169.1,195.2,9.4,2.3,346.4
Polestar,Polestar 2 Performance (v2023),67.7,203.9,167.4,RWD,1958.1,259.3,8.8,2.4,311.5
Chevrolet,Bolt EUV (v2021),106.6,221.7,202.8,FWD,2612.1,472.9,6.3,5.1,461.1
Mercedes,EQS SUV 450 (v2023),90.4,194.9,172.5,RWD,2107.4,279.1,8.9,3.1,417.5
BYD,Han EV (v2024),68.3,195.9,163.9,FWD,1907.1,258.3,8.7,1.9,326.1
Jaguar,I-Pace EV400 (v2023),103.0,236.4,207.0,FWD,2539.6,447.3,7.3,3.9,383.8
Chevrolet,Silverado EV WT (v2023),92.0,237.2,162.6,FWD,2168.7,203.9,9.2,5.4,343.2
Chevrolet,Bolt EUV (v2022),61.5,189.3,153.6,FWD,1816.0,149.4,10.0,5.7,311.2
MG,ZS EV Standard (v2024),48.1,177.8,156.1,FWD,1579.3,138.1,10.5,5.1,242.0
Volkswagen,ID.7 Pro (v2023),68.8,204.3,172.0,RWD,1987.8,218.9,10.1,2.4,322.5
Hyundai,Ioniq 5 N (v2021),73.6,201.9,184.4,AWD,2147.4,304.1,9.2,2.3,328.7
MG,MG4 EV Standard (v2021),45.5,182.0,146.8,FWD,1764.6,136.3,10.2,3.3,230.4
Rivian,R1S Quad Motor (v2023),93.3,244.8,242.2,AWD,2525.4,696.5,4.1,4.1,356.0
Honda,Prologue Touring (v2024),62.5,186.8,153.7,FWD,1859.0,169.8,10.3,3.4,308.5
Kia,Soul EV (v2023),107.0,208.4,174.5,RWD,2332.9,286.5,8.5,8.4,485.5
Mercedes,EQS 580 (v2021),100.8,216.2,200.2,FWD,2285.7,452.8,6.6,3.7,442.3
BMW,iX xDrive50 (v2025),78.4,219.9,171.3,AWD,2103.8,225.7,9.2,3.0,314.9
BYD,Dolphin Extended (v2022),91.6,205.6,163.5,RWD,2302.1,203.2,9.4,2.8,410.1
Audi,e-tron S (v2022),93.7,205.5,191.9,FWD,2186.4,388.5,7.5,5.7,433.8
Mercedes,EQA 250 (v2021),84.2,223.2,168.5,RWD,2368.0,293.7,8.9,2.6,346.0
Kia,EV6 GT-Line (v2022),74.5,194.5,172.7,FWD,1968.7,318.0,8.5,2.0,350.7
Jaguar,I-Pace Black (v2021),86.5,203.9,181.5,FWD,2281.3,309.1,8.1,8.6,391.6
Lucid,Air Touring (v2022),102.6,226.9,208.6,RWD,2258.8,460.7,6.9,5.5,398.5
Rivian,R1T Performance (v2022),100.5,223.7,193.0,AWD,2549.6,394.7,7.3,4.7,431.4
Hyundai,Ioniq 6 Long Range (v2021),107.0,219.9,174.1,AWD,2356.6,257.7,8.8,3.3,468.6
Nissan,Ariya 63kWh (v2023),69.5,213.1,166.7,AWD,2100.7,255.2,9.5,1.6,299.4
Mercedes,EQE 500 (v2025),82.0,204.1,168.0,RWD,2258.4,261.5,9.5,2.3,391.9
Lucid,Air Sapphire (v2024),136.7,275.0,269.9,AWD,3133.7,880.0,2.1,10.1,455.1
Chevrolet,Bolt EUV (v2023),57.3,198.8,159.1,RWD,1900.3,152.0,10.0,1.7,269.8
Mercedes,EQE SUV 350 (v2022),55.9,186.4,159.3,FWD,1726.3,173.3,9.8,2.5,283.3
Rivian,R1S Dual Motor (v2023),79.3,245.9,221.1,AWD,2321.3,555.7,5.4,1.9,286.6
BMW,iX M60 (v2021),46.9,199.6,148.8,FWD,1829.4,188.5,10.2,3.1,226.8
Toyota,bZ4X AWD (v2025),93.7,211.5,161.9,RWD,2305.3,241.5,8.9,7.9,417.1
BYD,Dolphin Standard (v2021),67.5,190.8,175.5,RWD,1960.2,272.3,8.6,3.7,329.2
Porsche,Taycan Turbo S (v2025),67.6,223.4,181.8,AWD,2076.5,377.7,7.8,3.3,274.8
Polestar,Polestar 4 Dual (v2024),90.6,246.8,181.8,AWD,2593.6,310.3,8.2,6.6,344.8
Lucid,Air Sapphire (v2024),85.2,216.3,237.6,RWD,2093.6,639.6,5.0,3.1,371.7
MG,ZS EV Long Range (v2022),38.8,198.4,155.9,AWD,1856.9,138.9,9.9,1.8,189.3
MG,MG4 EV Long Range (v2024),69.7,211.8,172.2,RWD,2131.2,281.0,8.1,6.7,312.6
Kia,EV6 GT-Line (v2025),62.5,202.3,165.1,RWD,2095.8,180.2,10.1,2.1,284.1
Mercedes,EQG 580 (v2023),73.0,202.3,162.8,FWD,2176.5,236.1,9.6,2.6,318.2
Kia,EV9 GT-Line (v2025),45.4,176.3,156.9,FWD,1572.1,145.6,10.0,1.7,247.1
Honda,Prologue EX (v2021),61.0,221.8,165.7,AWD,2063.2,242.3,9.2,2.5,245.8
Lucid,Air Grand Touring (v2021),109.2,225.0,207.1,RWD,2494.1,498.2,5.9,3.5,449.8
Nissan,Townstar EV (v2023),71.1,214.1,154.7,RWD,2203.7,171.6,10.3,3.3,317.0
Tesla,Model 3 SR (v2024),91.6,217.5,236.9,AWD,2196.2,656.1,4.2,3.0,386.9
Polestar,Polestar 4 Dual (v2025),74.0,209.7,171.9,RWD,2169.5,227.4,9.3,2.2,329.9
Toyota,bZ4X AWD (v2025),89.2,233.0,189.5,AWD,2357.1,369.1,8.3,2.8,344.0
Toyota,bZ4X FWD (v2023),49.6,210.7,148.2,FWD,1847.2,147.9,10.5,1.7,210.6
Rivian,R1S Dual Motor (v2024),109.3,244.4,236.5,AWD,2793.2,641.2,4.4,3.9,394.4
Chevrolet,Silverado EV WT (v2022),91.0,224.4,169.6,FWD,2367.6,238.9,9.5,5.2,384.3
BYD,Seal AWD (v2021),94.7,210.0,193.3,FWD,2279.5,386.4,7.2,2.7,410.0
BYD,Atto 3 (v2024),62.4,194.6,168.4,RWD,1791.0,247.5,8.7,2.3,312.1
Volkswagen,ID.4 GTX (v2024),102.8,233.0,186.1,AWD,2586.2,322.6,8.3,3.6,391.3
Rivian,R1S Dual Motor (v2022),96.6,231.2,232.2,AWD,2464.4,643.4,4.3,3.8,387.5
Polestar,Polestar 2 Long Range (v2023),103.5,234.5,173.9,RWD,2559.6,273.9,8.4,3.8,421.3
Porsche,Taycan Cross Turismo (v2023),97.0,225.0,184.1,AWD,2350.0,348.7,7.5,5.6,389.4
Lucid,Air Touring (v2025),87.0,211.9,199.6,RWD,2208.9,414.5,6.6,7.6,367.7
Audi,Q4 50 e-tron (v2025),92.5,222.5,174.8,AWD,2303.3,269.3,9.2,2.3,381.3
Lucid,Air Sapphire (v2025),130.6,247.9,255.7,AWD,2776.4,755.2,3.0,8.0,510.3
MG,ZS EV Standard (v2023),39.8,169.9,158.9,FWD,1681.3,177.3,10.1,1.5,218.0
Jaguar,I-Pace Black (v2021),99.8,222.9,182.7,FWD,2533.9,327.6,7.6,3.5,437.9
Honda,Prologue EX (v2021),73.3,201.3,172.1,FWD,2184.8,235.7,9.9,2.9,354.3
Ford,Mustang Mach-E ER (v2021),87.1,216.5,167.4,RWD,2363.1,219.6,9.5,3.9,380.8
Lucid,Air Sapphire (v2023),123.3,249.8,207.4,AWD,2783.4,497.5,6.1,4.7,453.5
Nissan,Ariya 87kWh (v2021),36.3,196.2,141.4,FWD,1606.5,141.3,10.4,1.3,167.2
Volvo,EX90 Twin Motor (v2024),84.6,190.8,184.1,RWD,2024.4,334.7,8.2,5.6,407.3
Hyundai,Ioniq 5 Standard (v2023),50.0,186.1,145.5,FWD,1939.9,136.8,10.6,2.0,247.6
Volvo,EX90 Twin Motor (v2025),95.1,225.8,192.6,AWD,2369.9,379.7,7.8,6.3,405.8
Toyota,bZ3 (v2021),62.5,204.9,159.2,FWD,1906.8,201.5,9.8,3.4,273.2
Volkswagen,ID.4 GTX (v2025),72.1,224.6,178.8,AWD,2325.4,269.5,8.8,3.7,290.6
Volkswagen,ID.4 Pro (v2023),82.6,221.0,188.0,AWD,2129.4,301.0,8.9,2.7,346.2
BMW,i4 eDrive35 (v2021),73.9,193.1,172.5,FWD,2058.8,281.0,9.0,2.2,345.4
Toyota,bZ3 (v2022),63.0,215.0,180.6,AWD,1945.3,229.2,8.9,3.9,267.6
Chevrolet,Blazer EV LT (v2022),45.8,205.1,149.8,AWD,1904.5,131.3,10.3,1.9,214.3
Ford,F-150 Lightning Standard (v2022),108.8,215.4,189.2,FWD,2351.9,380.0,7.8,2.9,461.5
Toyota,bZ4X AWD (v2021),91.8,222.8,168.5,RWD,2358.0,232.4,9.0,6.4,385.7
Lucid,Air Sapphire (v2021),98.3,240.2,228.4,RWD,2356.3,646.9,3.8,8.4,395.9
Nissan,Leaf 40kWh (v2025),62.7,199.4,169.1,FWD,1931.9,227.2,9.4,5.1,291.3
Porsche,Macan EV 4 (v2023),100.3,235.1,237.0,AWD,2493.8,691.3,3.9,3.0,386.7
Kia,EV9 GT-Line (v2022),55.5,189.7,168.7,FWD,1856.6,245.9,9.2,2.8,271.6
Honda,Prologue Touring (v2021),58.3,216.8,152.3,AWD,2074.7,133.8,10.1,2.7,247.0
Toyota,bZ4X AWD (v2021),76.9,211.7,175.8,RWD,2141.4,220.0,9.4,3.7,346.2
Volkswagen,ID.3 Pro S (v2025),76.7,198.2,151.7,RWD,2137.9,188.5,9.6,4.9,344.0
Rivian,R1T Performance (v2022),84.3,216.2,187.0,RWD,2389.9,380.8,7.3,3.4,378.3
Hyundai,Ioniq 6 Standard (v2021),104.1,230.3,181.3,FWD,2488.0,338.4,8.0,2.7,429.0
Porsche,Taycan Turbo S (v2024),83.1,241.5,196.0,AWD,2227.0,422.6,6.5,2.5,313.6
Mercedes,EQG 580 (v2024),106.1,212.6,200.6,FWD,2276.8,418.0,7.2,2.5,442.3
Volvo,EX90 Performance (v2025),58.0,206.5,172.9,AWD,2044.5,260.7,8.7,3.2,255.1
Porsche,Taycan Turbo (v2024),85.6,210.7,242.6,RWD,2028.8,724.2,3.4,2.0,365.9
Tesla,Model Y LR (v2023),64.1,226.5,236.4,AWD,2145.7,610.4,4.8,6.4,257.6
Volvo,EX30 Twin Motor (v2024),92.6,222.2,189.5,RWD,2465.5,403.1,7.4,3.5,386.0
Honda,e (v2021),65.1,196.5,160.7,FWD,1765.8,189.2,9.1,2.0,322.6
Kia,Niro EV (v2022),63.4,195.9,163.9,RWD,1782.1,209.4,9.4,4.7,306.6
Ford,Mustang Mach-E ER (v2024),102.0,230.2,190.5,FWD,2273.6,369.3,8.0,2.7,427.5
Polestar,Polestar 4 Dual (v2022),88.4,218.0,175.9,AWD,2318.1,276.0,9.5,2.6,390.2
Lucid,Air Pure (v2023),80.8,226.5,227.1,AWD,2057.7,614.9,5.3,3.2,342.0
Volvo,EX90 Performance (v2023),77.9,185.4,171.2,FWD,1973.2,259.6,9.3,4.4,409.6
Honda,Prologue Touring (v2021),66.9,211.8,160.3,AWD,2067.2,236.3,9.3,2.4,288.6
Jaguar,I-Pace Black (v2024),64.2,193.8,159.2,RWD,2125.6,207.9,9.5,2.4,316.2
MG,ZS EV Long Range (v2022),54.1,207.0,163.0,AWD,2040.0,180.9,9.7,2.4,254.7
Volkswagen,ID.7 Pro (v2024),96.9,228.2,192.1,FWD,2473.1,362.4,7.4,4.0,376.4
Kia,EV6 Wind (v2024),66.0,216.9,178.8,AWD,2118.7,286.2,8.9,3.4,284.0
Jaguar,I-Pace Black (v2023),81.9,207.5,155.6,FWD,2041.7,206.6,9.4,3.9,364.6
Honda,Prologue Touring (v2024),69.1,198.9,166.3,FWD,1895.7,257.2,8.7,4.1,323.8
Volvo,EX30 Single Motor (v2025),106.5,232.3,202.5,FWD,2552.0,418.4,6.9,4.0,411.2
Toyota,bZ4X FWD (v2024),64.2,195.5,164.9,FWD,1825.0,233.3,9.0,3.3,296.9
Chevrolet,Blazer EV LT (v2023),51.7,176.2,147.9,FWD,1802.0,122.1,10.7,2.2,272.3
Tesla,Cybertruck Tri (v2025),103.0,257.4,270.4,RWD,2494.5,880.0,2.1,3.4,362.5
Chevrolet,Blazer EV LT (v2025),89.1,195.5,174.3,FWD,2148.4,242.9,8.9,3.1,441.4
Porsche,Macan EV 4 (v2023),79.8,233.9,191.5,AWD,2313.8,403.0,6.9,3.5,327.5
Tesla,Model X Plaid (v2024),64.5,238.9,211.9,AWD,2256.0,520.9,6.1,2.4,244.6
Hyundai,Ioniq 5 N (v2024),109.8,222.9,204.5,RWD,2424.3,419.4,7.2,5.2,480.3
Jaguar,I-Pace Black (v2024),86.9,216.3,178.2,RWD,2059.6,330.3,7.8,2.3,362.4
BYD,Dolphin Standard (v2022),98.1,216.6,179.5,RWD,2331.6,352.0,7.7,2.9,439.5
Kia,EV9 GT-Line (v2021),48.6,185.9,156.5,FWD,1697.1,176.3,10.2,2.4,242.5
Nissan,Ariya 63kWh (v2025),47.1,190.7,147.3,FWD,1779.0,154.9,9.8,1.7,223.4
MG,MG4 EV XPOWER (v2024),62.8,198.2,158.5,RWD,2117.4,191.3,9.7,2.7,279.7
Ford,Mustang Mach-E GT (v2025),77.0,222.0,171.8,AWD,2200.7,189.0,9.5,2.7,315.9
BMW,i7 xDrive60 (v2021),97.3,212.0,193.8,RWD,2201.8,406.3,7.8,2.9,408.0
Ford,F-150 Lightning Standard (v2021),90.0,208.4,170.9,RWD,2256.1,224.7,9.3,5.0,408.1
Nissan,Leaf e+ (v2021),37.4,188.7,142.1,FWD,1530.9,96.4,10.6,3.8,187.8
Honda,e:Ny1 (v2024),60.8,188.7,160.9,FWD,2078.1,196.0,9.2,5.8,294.7
BYD,Song Plus EV (v2021),52.9,202.9,156.3,AWD,1928.2,190.1,9.5,2.0,244.7
Toyota,bZ4X FWD (v2023),86.3,208.0,182.6,RWD,2305.1,319.9,7.9,2.7,403.3
BYD,Dolphin Standard (v2025),52.2,217.6,158.0,AWD,2002.6,153.7,9.9,4.4,229.8
Rivian,R1T Dual Motor (v2024),68.9,224.0,188.2,AWD,2197.7,380.1,7.4,5.6,301.4
Porsche,Taycan Turbo S (v2022),78.3,206.0,202.5,AWD,2012.4,396.7,7.1,7.1,361.6
Porsche,Taycan Cross Turismo (v2024),61.7,204.2,218.9,RWD,1768.1,572.3,5.2,3.6,283.9
Volkswagen,ID.5 GTX (v2025),75.9,196.2,164.0,RWD,2051.9,200.6,9.8,2.4,358.2
Nissan,Townstar EV (v2024),52.0,208.9,165.2,RWD,1816.5,231.7,9.2,1.9,231.3
Polestar,Polestar 3 Long Range (v2022),88.9,220.9,175.8,AWD,2535.6,305.6,8.2,2.8,355.4
MG,ZS EV Long Range (v2025),52.9,166.3,171.4,RWD,1804.0,231.1,9.0,1.6,305.3
BYD,Dolphin Extended (v2024),48.1,189.8,156.1,FWD,1833.1,214.2,9.6,2.6,227.2
MG,MG4 EV XPOWER (v2023),65.4,196.5,155.4,AWD,1978.2,157.5,10.3,1.8,309.7
Audi,RS e-tron GT (v2025),79.6,209.6,174.7,AWD,2189.6,287.3,9.0,3.6,347.0
Volkswagen,ID.4 Pro (v2025),103.1,205.6,178.7,FWD,2321.7,325.6,8.5,6.4,455.1
Hyundai,Kona Electric 64kWh (v2022),74.8,205.6,170.5,RWD,2192.3,243.1,9.2,3.9,320.4
Tesla,Model Y LR (v2022),77.1,216.4,168.6,AWD,2061.7,278.4,8.5,3.5,321.9
Rivian,R1T Performance (v2021),83.6,232.0,223.7,AWD,2412.4,535.6,5.6,5.1,342.0
BMW,i7 xDrive60 (v2024),94.4,229.3,186.1,AWD,2238.2,315.6,7.7,2.4,386.1
Hyundai,Kona Electric 39kWh (v2022),49.7,208.0,161.9,AWD,1820.6,211.9,9.9,2.2,230.4
Chevrolet,Equinox EV (v2025),97.3,239.2,190.7,AWD,2452.8,370.0,6.8,2.6,386.2
BYD,Dolphin Standard (v2022),91.1,212.4,179.0,FWD,2148.2,358.9,7.8,2.6,398.8
Jaguar,I-Pace HSE (v2022),93.9,204.0,171.0,FWD,2245.7,266.5,9.5,4.0,440.3
BMW,i7 xDrive60 (v2022),79.6,233.2,188.9,AWD,2438.0,349.5,7.8,4.3,328.7
Volvo,EX30 Single Motor (v2021),98.3,222.2,160.5,RWD,2504.6,247.7,8.2,2.2,418.4
Audi,e-tron S (v2021),97.2,208.4,198.0,FWD,2396.6,427.5,6.9,2.9,456.0
Volkswagen,ID.3 Pro S (v2024),84.6,228.0,183.4,RWD,2251.2,327.5,8.0,4.0,337.5
Chevrolet,Bolt EV (v2021),79.5,212.1,157.2,FWD,2241.6,177.5,9.8,7.2,362.5
Hyundai,Kona Electric 39kWh (v2025),61.8,180.2,168.4,RWD,1735.2,255.6,9.2,3.1,329.3
Mercedes,EQS 450+ (v2023),80.6,196.5,172.3,FWD,2063.8,264.4,8.9,2.5,366.3
Ford,Mustang Mach-E GT (v2022),80.6,223.1,163.3,RWD,2354.0,218.3,9.1,4.6,335.3
Rivian,R1T Quad Motor (v2024),71.2,223.4,181.5,AWD,2266.1,356.5,8.0,2.6,294.1
Volkswagen,ID.5 Pro (v2024),104.0,226.7,191.3,RWD,2405.2,379.6,7.4,4.7,420.5
Hyundai,Ioniq 6 Standard (v2023),104.4,223.3,173.2,AWD,2565.7,253.5,9.4,2.9,412.2
Chevrolet,Blazer EV RS (v2023),57.5,193.8,175.7,FWD,2054.0,253.3,8.8,4.6,285.7
Volkswagen,ID.7 Pro (v2025),106.6,227.8,167.9,RWD,2473.9,254.3,8.5,3.8,444.9
Honda,e:Ny1 (v2022),62.7,207.9,163.7,FWD,1823.6,200.5,9.7,3.2,284.2
Lucid,Air Grand Touring (v2024),131.3,259.1,235.5,AWD,2946.8,618.4,4.7,10.0,455.7
MG,MG5 EV (v2024),37.5,194.0,144.5,AWD,1593.3,108.9,11.0,2.4,179.0
Chevrolet,Equinox EV (v2022),106.7,231.3,203.2,RWD,2627.3,429.8,7.2,2.4,435.0
Toyota,bZ3 (v2025),72.0,216.0,178.7,AWD,2079.6,300.3,8.2,3.3,307.4
MG,ZS EV Long Range (v2021),55.5,183.5,162.4,FWD,1865.4,143.4,10.7,2.7,274.6
Hyundai,Ioniq 5 N (v2022),85.0,221.2,172.1,FWD,2171.1,319.4,8.4,6.3,367.1
Hyundai,Ioniq EV (v2023),69.9,201.9,181.0,AWD,1937.8,305.3,8.7,1.9,332.7
Porsche,Taycan Turbo S (v2021),133.5,275.0,268.8,AWD,2966.1,880.0,2.1,4.0,437.7
Nissan,Leaf 40kWh (v2022),72.4,219.5,149.6,AWD,2019.4,175.1,9.2,4.9,306.8
Nissan,Townstar EV (v2024),70.8,213.5,160.0,RWD,2144.1,192.6,9.5,3.4,292.2
BYD,Song Plus EV (v2023),57.5,213.2,171.1,AWD,1995.7,210.2,9.6,1.8,238.8
Volvo,EX90 Twin Motor (v2022),86.8,219.9,191.4,RWD,2352.5,369.7,7.4,2.2,371.4
Volvo,XC40 Recharge (v2022),92.3,224.8,182.6,AWD,2238.1,323.0,8.5,4.4,372.6
Lucid,Air Touring (v2023),124.4,264.0,264.7,RWD,2843.5,880.0,2.1,5.6,420.3
BYD,Seal RWD (v2021),51.4,223.3,150.2,AWD,2031.7,117.6,11.0,2.0,207.8
MG,MG4 EV XPOWER (v2022),51.4,195.6,159.9,FWD,1919.8,195.4,9.7,2.9,237.3
BYD,Dolphin Extended (v2024),52.7,188.3,159.1,FWD,1798.7,164.3,9.9,2.3,259.5
BMW,iX1 xDrive30 (v2025),60.6,191.3,173.8,RWD,2026.5,241.2,9.4,2.4,301.1
Tesla,Cybertruck Dual (v2025),118.0,242.3,228.4,AWD,2672.7,622.4,4.8,3.5,453.6
Volvo,XC40 Recharge (v2024),67.4,223.2,166.4,AWD,2016.2,240.1,9.5,3.7,288.2
Mercedes,EQE 350+ (v2025),59.0,202.1,169.0,AWD,2053.0,263.6,9.3,3.3,260.2
Toyota,bZ4X AWD (v2024),97.3,220.4,189.4,RWD,2410.9,400.0,6.8,3.2,415.5
BYD,Han EV (v2023),52.8,194.5,163.1,RWD,1826.2,204.7,9.8,1.8,261.4
Hyundai,Ioniq EV (v2021),86.5,209.0,173.7,FWD,2085.5,297.9,8.3,6.1,393.5
Ford,Mustang Mach-E ER (v2023),59.1,193.5,159.4,FWD,1991.2,203.4,9.3,1.5,274.1
Kia,EV6 GT-Line (v2024),80.0,224.8,185.4,AWD,2168.6,285.0,8.1,3.5,346.7
Hyundai,Kona Electric 39kWh (v2022),102.7,219.7,199.3,RWD,2487.1,396.7,7.8,9.5,458.2
Chevrolet,Bolt EUV (v2021),71.1,189.0,159.7,RWD,1935.5,209.5,9.6,3.0,334.8
MG,MG4 EV Standard (v2025),73.2,200.9,174.6,RWD,1923.9,304.1,8.6,2.6,328.6
Polestar,Polestar 2 Performance (v2025),108.8,239.0,172.6,AWD,2628.2,269.1,8.7,2.6,409.3
Volkswagen,ID. Buzz Pro (v2025),67.0,194.1,168.5,FWD,1847.7,240.6,9.1,3.8,312.8
MG,MG4 EV XPOWER (v2025),49.0,186.2,150.3,FWD,1704.7,138.2,10.4,3.0,240.0
BMW,i7 xDrive60 (v2022),69.1,192.5,169.6,FWD,1893.0,197.4,9.6,2.1,332.9
Volvo,EX30 Single Motor (v2022),88.4,198.5,174.5,RWD,2118.5,326.3,8.5,3.2,422.0
Chevrolet,Blazer EV RS (v2024),83.6,208.1,176.8,FWD,2108.4,312.6,8.5,4.1,390.2
Toyota,bZ4X AWD (v2023),46.7,197.1,154.2,RWD,1631.8,139.2,10.4,2.4,228.6
Volkswagen,ID.3 Pro S (v2022),77.7,214.6,159.2,RWD,2290.2,222.6,9.7,3.1,347.0
Polestar,Polestar 2 Performance (v2025),95.0,234.6,189.2,AWD,2529.5,382.0,7.8,3.0,358.9
BMW,i5 eDrive40 (v2021),84.3,223.5,177.6,AWD,2418.2,268.9,8.7,4.3,345.6
BYD,Han EV (v2023),108.8,216.1,210.5,FWD,2381.5,468.0,6.8,3.1,466.0
Audi,Q4 50 e-tron (v2023),98.3,225.7,169.2,RWD,2539.5,240.3,9.1,5.7,383.7
Honda,Prologue Touring (v2023),41.9,190.7,145.8,RWD,1625.5,120.3,10.9,1.6,207.6
Volvo,C40 Recharge (v2024),92.2,221.5,181.1,RWD,2118.2,315.4,8.1,2.8,368.5
Polestar,Polestar 3 Long Range (v2025),58.0,196.2,161.7,RWD,2025.0,221.5,9.4,2.4,278.6
Volvo,XC40 Recharge (v2021),48.3,210.4,160.7,AWD,1951.6,178.3,9.8,4.1,215.3
Audi,Q8 50 e-tron (v2023),90.8,210.0,193.2,FWD,2381.7,385.0,7.5,3.9,409.0
Mercedes,EQB 300 (v2021),72.8,200.0,162.6,FWD,2124.2,224.9,8.6,3.8,344.5
Volkswagen,ID. Buzz Pro (v2024),48.4,193.9,155.0,AWD,1950.5,154.6,10.2,1.7,221.7
BYD,Seal RWD (v2022),45.0,205.6,163.9,FWD,1659.4,194.3,10.2,1.7,211.4
MG,Cyberster RWD (v2025),40.6,190.2,151.5,AWD,1733.8,150.9,10.8,1.8,205.3
Mercedes,EQC 400 (v2024),104.9,216.9,174.8,RWD,2277.6,298.4,8.6,3.7,426.9
Audi,Q8 50 e-tron (v2022),77.4,223.3,182.6,AWD,2311.4,345.5,7.9,2.9,320.1
Mercedes,EQS SUV 450 (v2021),86.0,223.9,174.5,FWD,2337.1,339.9,8.3,3.9,371.9
Lucid,Air Pure (v2023),91.3,247.5,198.2,AWD,2544.0,427.5,6.9,2.8,327.4
Audi,Q6 e-tron (v2023),91.7,199.2,177.6,RWD,2112.9,320.7,8.1,3.0,419.6
MG,MG5 EV (v2021),53.4,183.2,170.7,FWD,1660.8,239.4,9.3,1.5,280.5
Volkswagen,ID.5 Pro (v2021),65.3,198.6,166.3,AWD,2107.5,235.1,8.9,3.1,312.2
BMW,i4 M50 (v2024),63.2,196.9,161.1,AWD,2058.9,146.3,10.2,2.8,307.5
Ford,E-Transit (v2023),92.8,209.5,194.1,FWD,2128.0,382.8,7.4,4.1,402.8
Volvo,EX30 Twin Motor (v2021),66.2,206.1,164.7,RWD,2043.3,262.2,8.7,2.3,282.7
Ford,F-150 Lightning Extended (v2022),98.4,213.1,173.4,RWD,2335.4,261.2,9.3,3.5,435.8
Hyundai,Ioniq 6 Standard (v2025),47.3,166.8,148.8,RWD,1896.9,121.9,10.4,1.6,258.1
Lucid,Air Touring (v2023),66.5,201.9,180.8,RWD,2092.6,300.8,8.3,2.4,300.8
Polestar,Polestar 3 Long Range (v2023),56.1,196.0,174.0,FWD,1840.3,238.7,8.7,1.8,266.9
Ford,E-Transit (v2025),98.3,213.9,175.4,AWD,2324.2,283.2,8.3,3.3,416.7
BMW,i4 M50 (v2024),50.5,203.9,160.9,FWD,1863.8,196.7,9.6,3.4,239.4
Mercedes,EQE 500 (v2023),89.3,226.1,166.4,AWD,2459.8,236.5,9.4,2.9,359.4
Ford,Mustang Mach-E ER (v2024),60.5,193.7,162.6,RWD,2093.8,211.6,9.7,4.0,285.0
Polestar,Polestar 2 Performance (v2025),102.8,230.8,200.9,RWD,2257.5,420.9,6.8,4.8,418.9
BMW,i5 M60 (v2021),87.0,220.7,187.4,AWD,2149.4,364.0,7.8,2.6,380.8
Rivian,R1S Quad Motor (v2021),79.4,223.8,214.6,AWD,2171.1,568.5,5.0,6.5,345.6
Honda,e (v2025),73.4,219.0,162.6,AWD,2039.3,232.6,9.1,7.4,306.4
Tesla,Model S Plaid (v2022),125.7,239.2,219.2,AWD,2630.7,552.3,5.5,7.1,470.4
Jaguar,I-Pace EV400 (v2022),92.1,208.3,170.5,RWD,2403.3,210.5,9.6,2.9,429.2
BYD,Tang EV (v2024),61.3,212.5,164.2,AWD,2143.6,182.2,9.5,4.4,266.7
Hyundai,Ioniq 5 N (v2022),92.0,193.0,187.3,RWD,2324.2,372.4,7.4,5.3,451.4
Lucid,Air Grand Touring (v2023),61.9,202.7,169.3,RWD,2068.8,221.6,9.4,2.2,292.1
Nissan,Townstar EV (v2023),55.7,200.3,155.3,FWD,1823.5,162.3,9.8,3.0,246.2
Polestar,Polestar 2 Long Range (v2022),77.9,212.8,179.5,RWD,2184.2,306.8,8.6,2.5,337.2
Toyota,bZ4X FWD (v2023),71.0,202.9,161.9,FWD,2033.9,191.2,9.8,5.0,317.8
Tesla,Model S Plaid (v2021),76.8,213.9,215.8,RWD,2280.4,555.0,4.8,3.2,332.3
Nissan,Ariya e-4ORCE (v2021),49.6,178.9,151.4,FWD,1580.0,129.2,10.5,4.1,253.4
Porsche,Taycan 4S (v2022),122.3,247.2,275.0,RWD,2626.8,876.2,2.1,2.9,443.6
Kia,EV9 Light (v2024),89.3,228.3,160.8,AWD,2515.7,213.0,9.3,7.4,374.5
Volvo,XC40 Recharge (v2021),66.1,208.0,177.7,FWD,2076.1,284.0,8.2,4.5,292.4
MG,ZS EV Standard (v2022),63.1,188.5,161.2,FWD,1848.3,172.5,9.6,4.5,311.6
Kia,EV9 Light (v2025),96.4,217.8,199.6,RWD,2219.6,397.7,6.9,3.8,399.1
Audi,e-tron S (v2023),64.6,215.0,169.5,AWD,2071.7,270.6,8.8,2.9,292.3
Hyundai,Kona Electric 64kWh (v2025),77.2,227.3,157.4,AWD,2024.9,236.2,8.8,2.5,323.4
BYD,Seal RWD (v2025),56.7,196.2,152.4,AWD,1766.4,170.0,10.0,2.1,276.1
Volkswagen,ID. Buzz Pro (v2021),102.4,212.5,202.9,FWD,2499.1,442.7,7.1,5.1,449.4
Nissan,Leaf 40kWh (v2023),67.5,198.1,159.5,FWD,1998.5,154.5,10.9,2.8,302.3
Nissan,Townstar EV (v2023),63.2,205.7,172.8,RWD,2020.4,263.3,9.0,2.1,299.3
Porsche,Taycan 4S (v2024),126.5,242.3,246.5,RWD,2641.9,773.8,2.9,7.1,493.5
Nissan,Leaf e+ (v2024),70.4,196.4,163.5,FWD,1965.2,268.0,8.8,6.0,350.3
Honda,e:Ny1 (v2025),40.8,184.4,152.2,FWD,1749.3,93.6,11.0,2.8,206.9
Volvo,EX90 Twin Motor (v2023),49.4,195.8,147.4,AWD,1746.7,149.3,9.7,1.9,236.0
Nissan,Leaf 40kWh (v2024),36.8,192.1,157.0,FWD,1473.5,161.9,10.3,1.7,186.5
Jaguar,I-Pace Black (v2024),59.1,191.3,164.5,FWD,1718.5,182.7,9.7,3.8,287.6
Nissan,Ariya e-4ORCE (v2024),73.2,192.4,170.7,FWD,1893.8,263.9,9.2,3.0,342.0
BMW,i5 M60 (v2024),66.4,217.8,167.5,AWD,2055.3,226.5,9.0,3.5,285.3
Honda,Prologue Touring (v2023),59.4,199.0,156.6,FWD,1901.8,237.7,9.2,4.1,291.4
MG,MG4 EV XPOWER (v2022),62.1,199.7,170.4,RWD,1854.2,256.6,8.9,2.8,298.5
Lucid,Air Pure (v2021),129.6,275.0,263.2,AWD,2940.5,880.0,2.1,6.1,457.4
MG,ZS EV Standard (v2025),41.8,184.9,153.5,RWD,1787.5,140.3,9.7,2.5,200.8
Porsche,Macan EV Turbo (v2023),112.2,231.8,209.6,RWD,2594.2,479.0,6.6,2.5,432.2
Polestar,Polestar 4 Dual (v2023),66.7,203.0,179.4,FWD,2034.3,268.5,9.5,2.9,309.2
BYD,Song Plus EV (v2025),87.1,205.5,167.8,FWD,2261.7,268.0,9.3,3.9,379.1
Honda,Prologue EX (v2025),60.0,213.2,148.3,AWD,2026.3,150.5,10.9,3.6,255.0
Honda,e:Ny1 (v2022),51.5,180.6,168.0,FWD,1755.9,218.4,9.6,1.6,254.5
Lucid,Air Touring (v2024),62.2,221.2,191.2,AWD,1848.3,395.5,7.4,4.0,264.3
Honda,e:Ny1 (v2021),54.4,203.8,151.4,RWD,1998.5,188.8,10.0,1.8,260.6
Jaguar,I-Pace EV400 (v2022),95.3,203.5,191.7,RWD,2342.5,349.8,8.3,6.7,412.3
Toyota,bZ3 (v2022),79.0,216.6,165.9,AWD,2017.7,255.8,8.6,4.0,356.7
MG,MG5 EV (v2021),73.6,206.0,166.3,FWD,1971.8,226.9,9.5,2.5,332.9
Ford,E-Transit (v2023),92.6,206.2,158.2,RWD,2321.9,219.6,9.9,5.4,396.2
Audi,RS e-tron GT (v2023),90.2,222.2,183.2,RWD,2188.2,316.7,8.5,5.2,369.4
Rivian,R1S Quad Motor (v2022),87.0,223.6,201.9,AWD,2318.4,417.9,7.0,6.9,362.7
Polestar,Polestar 3 Long Range (v2022),73.5,196.6,175.6,FWD,1979.3,321.4,8.7,3.2,335.9
Rivian,R1T Performance (v2023),93.1,233.6,216.8,AWD,2374.3,579.6,5.0,3.2,388.0
Chevrolet,Bolt EUV (v2024),85.4,215.9,162.4,RWD,2376.9,226.9,9.3,4.4,375.8
Lucid,Air Touring (v2025),93.2,207.2,200.2,RWD,2263.4,437.6,6.4,3.9,437.4
Mercedes,EQE 500 (v2021),46.6,177.3,153.4,FWD,1588.3,114.3,10.4,2.8,239.1
Honda,e (v2022),67.8,200.3,168.9,AWD,1966.0,224.8,9.4,6.6,316.2
Toyota,bZ3 (v2025),52.6,192.3,149.4,AWD,1838.0,156.0,10.2,2.0,246.8
BMW,i5 M60 (v2021),73.4,219.6,170.8,AWD,1982.1,236.5,9.3,4.5,310.8
Rivian,R1T Dual Motor (v2024),58.6,181.0,170.5,RWD,1684.5,321.3,8.0,1.8,290.9
BMW,i4 eDrive35 (v2024),108.0,235.4,190.5,AWD,2525.1,365.5,7.4,2.9,443.4
Volvo,EX90 Performance (v2023),104.7,234.8,176.9,AWD,2600.5,244.0,9.3,3.8,414.7
Porsche,Taycan 4S (v2024),109.1,240.7,255.4,RWD,2547.9,803.1,2.4,2.8,421.8
Tesla,Model X Plaid (v2025),97.8,235.6,271.4,RWD,2480.3,834.2,2.1,8.6,377.4
Kia,Soul EV (v2022),62.6,199.1,173.9,FWD,1910.7,263.7,9.0,2.4,293.2
Audi,RS e-tron GT (v2021),97.1,223.9,172.9,FWD,2529.2,292.6,8.7,9.2,411.5
Jaguar,I-Pace Black (v2025),49.6,182.2,150.5,RWD,1741.9,139.0,9.6,1.8,245.0
Honda,e:Ny1 (v2025),48.1,189.2,144.1,FWD,1719.3,159.5,10.3,1.5,248.9
Jaguar,I-Pace Black (v2022),107.8,231.6,192.5,AWD,2490.2,409.0,7.6,5.0,417.7
Volkswagen,ID.3 Pro (v2023),63.7,179.0,165.7,FWD,1788.4,193.3,9.3,2.9,344.8
Audi,Q4 50 e-tron (v2025),45.4,177.6,149.8,FWD,1850.2,110.6,11.2,1.7,241.1
Polestar,Polestar 4 Dual (v2023),94.6,229.9,156.7,AWD,2532.5,217.8,8.9,3.3,386.5
MG,MG4 EV Standard (v2022),55.9,198.9,150.3,FWD,1855.7,149.8,10.2,3.1,263.6
Lucid,Air Sapphire (v2023),139.2,275.0,275.0,AWD,2998.8,847.5,2.1,4.6,458.0
Volvo,XC40 Recharge (v2022),65.4,200.6,174.4,FWD,2148.3,238.3,9.0,4.4,296.8
Polestar,Polestar 2 Standard (v2021),59.6,212.6,173.1,AWD,2030.6,249.0,9.3,3.8,270.5
Jaguar,I-Pace HSE (v2022),56.2,164.1,159.4,FWD,1711.4,147.8,10.5,2.6,332.5
Porsche,Macan EV Turbo (v2025),109.1,254.2,250.5,AWD,2448.5,743.0,3.3,3.6,378.6
BMW,iX M60 (v2024),45.7,201.6,159.1,RWD,1799.8,141.3,10.1,1.2,210.2
Lucid,Air Pure (v2023),114.0,221.2,203.7,AWD,2449.3,435.7,6.6,3.3,483.5
BYD,Han EV (v2023),76.0,208.8,170.6,AWD,2032.1,255.4,8.9,3.0,345.1
Tesla,Model X LR (v2023),100.9,256.8,265.3,AWD,2418.5,818.5,2.2,3.8,368.1
Nissan,Ariya 87kWh (v2024),57.8,195.8,149.1,FWD,2039.2,144.9,10.7,1.7,262.9
Lucid,Air Sapphire (v2022),77.8,205.0,187.8,RWD,2152.4,339.1,7.3,3.3,357.4
Nissan,Leaf e+ (v2021),62.2,197.1,157.3,FWD,2107.1,217.8,9.5,2.3,307.4
Jaguar,I-Pace Black (v2022),77.9,206.2,174.4,FWD,1997.9,293.5,8.5,6.6,365.8
Mercedes,EQE 500 (v2021),66.3,214.3,161.5,RWD,1907.3,203.6,9.4,6.0,292.3
Tesla,Cybertruck Tri (v2023),62.2,212.1,188.9,AWD,2184.4,313.1,8.3,2.8,262.2
Chevrolet,Bolt EUV (v2024),54.6,205.4,165.2,AWD,1996.2,225.8,9.6,1.9,237.7
BYD,Dolphin Standard (v2021),60.2,212.2,158.6,AWD,1828.2,189.4,9.7,2.5,267.0
Ford,Mustang Mach-E GT (v2021),103.0,214.6,163.4,AWD,2438.1,231.8,9.1,4.0,467.9
Mercedes,EQE 350+ (v2021),98.1,205.7,163.3,FWD,2282.2,218.2,9.2,3.5,421.3
Audi,Q4 40 e-tron (v2023),83.9,194.9,166.6,RWD,2023.1,261.4,8.7,3.1,404.6
Jaguar,I-Pace Black (v2024),99.5,196.2,172.8,FWD,2299.7,226.3,9.3,4.5,448.8
Polestar,Polestar 2 Standard (v2022),59.2,219.5,166.3,AWD,2117.0,242.5,9.5,2.5,263.0
Nissan,Townstar EV (v2024),55.4,194.4,154.1,FWD,1777.2,180.0,9.7,2.3,260.9
Chevrolet,Bolt EV (v2025),97.9,216.3,192.5,AWD,2331.3,356.0,7.6,4.3,415.5
BYD,Dolphin Standard (v2022),51.0,204.2,152.1,RWD,1969.9,190.1,10.0,1.9,237.6
BMW,iX M60 (v2021),88.6,211.9,195.0,RWD,2347.8,359.8,7.5,2.3,372.2
Honda,e (v2022),50.1,196.9,165.7,RWD,1876.8,159.7,10.2,1.5,242.9
Nissan,Ariya e-4ORCE (v2025),39.2,201.3,155.8,AWD,1635.6,161.4,9.7,3.1,174.8
BMW,i7 xDrive60 (v2023),71.2,185.4,170.3,FWD,1848.0,256.4,9.2,1.7,347.9
Chevrolet,Bolt EV (v2024),60.2,208.2,159.2,AWD,1945.2,239.5,9.7,6.2,262.7
Volvo,EX90 Twin Motor (v2024),95.8,202.5,173.7,RWD,2298.1,306.1,8.0,2.2,437.2
Nissan,Ariya 63kWh (v2021),45.9,197.4,166.8,FWD,1705.1,200.3,9.6,4.3,221.3
BYD,Seal AWD (v2022),96.1,235.6,203.8,RWD,2541.5,422.3,6.9,5.7,379.7
Audi,Q6 e-tron (v2024),101.6,214.8,188.9,FWD,2480.0,373.6,7.9,5.4,440.9
Mercedes,EQS 450+ (v2025),49.6,188.7,147.8,FWD,1588.9,113.6,10.2,2.8,245.9
Kia,EV6 GT-Line (v2024),84.0,226.4,191.4,RWD,2325.0,347.4,8.3,4.0,361.8
MG,ZS EV Standard (v2021),52.0,190.3,164.3,FWD,1989.3,213.5,9.8,2.0,260.7
Chevrolet,Equinox EV (v2025),54.3,191.3,146.1,RWD,1962.0,135.7,10.0,2.6,267.1
Polestar,Polestar 4 Dual (v2022),96.9,210.4,180.4,FWD,2359.0,299.6,8.4,3.6,416.2
Jaguar,I-Pace HSE (v2023),109.7,254.3,210.1,AWD,2800.9,491.8,6.0,7.0,386.8
Mercedes,EQS 580 (v2025),68.8,189.4,154.5,RWD,1853.8,159.6,9.9,4.6,337.9
Volvo,EX30 Twin Motor (v2024),106.6,217.4,189.4,FWD,2511.2,351.7,7.6,9.4,472.3
Polestar,Polestar 4 Dual (v2025),102.3,237.6,204.0,FWD,2548.3,442.7,6.6,5.0,388.1
MG,MG4 EV XPOWER (v2023),59.5,222.1,150.5,AWD,1895.2,162.6,10.0,2.7,252.9
Toyota,bZ4X FWD (v2024),61.2,189.0,147.6,RWD,1972.9,146.9,10.4,2.8,287.9
Kia,EV6 GT-Line (v2025),80.3,211.7,165.2,FWD,2276.0,227.6,9.5,5.6,336.7
Honda,Prologue Touring (v2023),71.0,209.8,159.7,RWD,2191.9,169.3,10.0,2.8,315.2
Hyundai,Ioniq 5 Standard (v2025),93.7,225.5,170.5,AWD,2382.6,223.6,9.7,4.4,400.6
Honda,Prologue EX (v2022),37.3,174.3,146.0,RWD,1567.1,104.5,10.6,1.1,188.9
Rivian,R1T Quad Motor (v2022),102.4,230.6,241.9,AWD,2379.7,724.7,3.6,6.2,433.6
BMW,i4 eDrive40 (v2025),97.4,210.8,179.9,RWD,2207.6,343.7,8.3,5.4,430.7
Ford,F-150 Lightning Standard (v2024),48.9,185.5,153.4,RWD,1783.3,156.1,10.2,1.3,255.4
Volvo,EX90 Twin Motor (v2021),104.0,229.4,181.3,AWD,2541.8,338.9,8.4,6.6,424.3
Chevrolet,Equinox EV (v2025),53.0,199.7,153.8,FWD,1785.2,152.2,10.3,1.8,246.6
BMW,i7 xDrive60 (v2023),54.3,183.0,150.0,FWD,1714.6,163.5,10.4,2.7,278.1
Mercedes,EQC 400 (v2022),73.3,220.9,173.6,AWD,2220.0,225.2,9.5,3.1,309.6
Rivian,R1S Quad Motor (v2021),76.4,220.3,205.2,AWD,2191.7,435.6,6.7,2.6,316.6
Audi,Q6 e-tron (v2024),52.1,192.7,157.7,FWD,1704.0,215.0,9.2,1.9,261.4
Kia,Soul EV (v2025),59.4,199.7,155.4,RWD,1945.7,189.1,10.0,3.4,274.7
Porsche,Taycan Cross Turismo (v2024),68.6,206.2,188.8,RWD,1921.2,402.3,6.9,2.4,301.7
Toyota,bZ4X AWD (v2021),74.9,187.8,174.4,FWD,2045.1,306.9,7.9,4.6,379.8
Volvo,C40 Recharge (v2024),54.3,180.4,149.6,RWD,1677.7,134.0,10.2,1.6,281.9
Audi,Q6 e-tron (v2023),64.0,205.4,167.5,FWD,2073.2,217.2,9.1,1.8,288.7
Volkswagen,ID.5 GTX (v2025),82.7,211.3,185.4,RWD,2229.6,351.4,8.2,1.9,370.0
Mercedes,EQE 500 (v2024),80.6,212.5,178.4,FWD,2267.0,250.7,9.5,3.3,356.5
Polestar,Polestar 3 Long Range (v2022),64.1,194.0,166.8,RWD,1928.2,260.1,8.7,5.7,303.4
Mercedes,EQB 300 (v2023),80.1,219.9,163.0,AWD,2168.5,216.5,9.5,2.5,348.7
Ford,F-150 Lightning Extended (v2025),56.1,189.2,152.8,RWD,1724.1,137.7,10.5,2.9,284.4
BYD,Tang EV (v2024),62.7,198.2,164.2,RWD,1843.0,146.8,10.0,2.2,303.5
MG,MG4 EV XPOWER (v2024),51.5,197.8,167.1,AWD,1948.0,210.9,10.2,3.5,242.5
Honda,Prologue Touring (v2021),48.7,184.8,161.5,RWD,1632.5,127.0,10.9,4.9,253.3
Lucid,Air Touring (v2023),106.8,229.7,201.8,AWD,2418.3,441.3,7.1,3.6,441.7
Chevrolet,Blazer EV RS (v2024),108.7,233.3,203.6,RWD,2433.3,478.1,6.5,8.5,411.2
MG,ZS EV Standard (v2024),53.7,198.4,152.2,AWD,1713.2,119.1,10.7,2.2,265.2
Rivian,R1T Performance (v2022),77.7,215.1,209.3,RWD,2260.7,498.1,6.2,8.0,353.1
Tesla,Model X Plaid (v2023),104.9,250.0,242.8,AWD,2644.2,674.2,4.1,3.1,375.6
Volvo,EX90 Performance (v2024),89.7,229.0,178.3,AWD,2289.9,347.4,7.9,3.1,368.6
Audi,Q4 50 e-tron (v2023),87.5,211.8,161.2,AWD,2332.6,214.2,10.1,2.7,373.1
BMW,iX xDrive50 (v2025),82.4,214.6,160.1,FWD,2087.8,214.0,9.2,2.9,359.1
Honda,e:Ny1 (v2024),61.6,203.3,156.4,FWD,2013.6,202.0,9.5,1.8,292.8
Chevrolet,Silverado EV WT (v2023),104.2,222.2,192.7,RWD,2548.7,390.5,7.1,2.6,422.6
BYD,Seal RWD (v2021),59.0,212.5,170.1,AWD,1938.9,261.6,8.7,2.3,253.2
Lucid,Air Sapphire (v2025),103.8,239.3,222.8,AWD,2494.7,582.6,5.0,5.0,410.8
Volkswagen,ID.7 Pro (v2022),66.3,187.3,170.1,FWD,2093.6,254.1,9.1,1.9,313.9
Jaguar,I-Pace EV400 (v2022),55.6,183.9,160.4,RWD,1672.5,192.9,9.4,2.1,273.8
Rivian,R1S Dual Motor (v2023),108.7,254.3,240.0,AWD,2485.0,694.7,4.2,3.7,394.0
Polestar,Polestar 2 Standard (v2022),50.7,197.5,172.9,AWD,1883.8,216.6,9.7,1.6,228.2
Mercedes,EQG 580 (v2022),97.1,214.1,172.3,RWD,2248.5,302.7,8.0,2.6,401.9
Polestar,Polestar 2 Long Range (v2024),75.6,199.8,169.6,FWD,2162.8,278.0,8.8,3.5,363.5
Toyota,bZ4X FWD (v2025),57.3,200.4,154.3,AWD,1887.2,172.1,9.3,2.4,257.8
Honda,e (v2022),42.9,172.5,154.5,RWD,1629.2,167.6,9.6,1.5,226.1
Porsche,Taycan Base (v2023),88.1,227.9,199.5,AWD,2368.7,435.9,6.2,2.4,362.9
Toyota,bZ4X FWD (v2024),76.2,193.6,167.6,FWD,1980.8,255.3,9.1,2.6,381.2
Jaguar,I-Pace EV400 (v2024),104.0,200.8,171.7,FWD,2263.9,238.1,9.2,7.8,500.7
Polestar,Polestar 4 Dual (v2025),64.4,202.4,164.2,AWD,2057.3,215.0,9.4,3.8,304.2
Ford,Mustang Mach-E SR (v2023),80.5,199.8,171.7,FWD,1990.7,259.0,9.0,3.8,354.9
Tesla,Model Y Performance (v2023),76.7,204.0,178.7,AWD,2079.6,268.3,8.9,4.0,351.4
Audi,e-tron GT (v2021),46.0,205.7,165.4,AWD,1633.5,197.7,9.4,2.3,197.4
Jaguar,I-Pace EV400 (v2022),52.4,210.1,147.7,AWD,2093.3,159.0,10.3,2.6,235.9
Lucid,Air Touring (v2023),87.6,241.6,267.0,AWD,2299.4,834.2,2.5,2.5,333.9
Chevrolet,Silverado EV WT (v2023),89.7,214.1,177.7,RWD,2374.5,240.2,9.5,4.8,399.9
Toyota,bZ4X FWD (v2024),55.8,196.6,155.7,FWD,1984.7,172.8,9.8,2.4,251.7
Jaguar,I-Pace HSE (v2025),64.0,191.8,172.6,FWD,1842.0,235.9,9.6,2.2,305.1
MG,MG4 EV Standard (v2022),62.8,197.5,163.0,RWD,1872.0,184.4,10.7,1.8,296.4
Audi,Q8 55 e-tron (v2023),63.6,197.5,158.8,RWD,2143.3,179.9,9.9,2.5,307.1
Nissan,Ariya 87kWh (v2023),48.3,179.5,164.4,FWD,1818.1,207.3,9.5,1.3,251.6
Volvo,EX30 Twin Motor (v2024),55.9,202.3,162.2,AWD,2024.6,191.3,10.4,3.8,268.0
BYD,Dolphin Extended (v2024),47.6,186.0,152.3,AWD,1631.3,169.5,10.0,1.7,242.8
Nissan,Ariya 63kWh (v2023),50.6,183.8,148.2,FWD,1860.7,153.0,10.2,1.5,245.7
Kia,EV6 Wind (v2024),87.2,212.8,185.0,FWD,2223.4,306.1,8.7,4.5,387.4
Polestar,Polestar 4 Dual (v2021),106.7,216.2,182.4,FWD,2382.1,357.7,7.6,4.9,454.8
Jaguar,I-Pace Black (v2023),56.0,193.7,161.1,RWD,1972.4,141.9,9.8,2.8,268.4
Mercedes,EQC 400 (v2021),66.5,201.8,168.0,FWD,2061.1,228.6,9.2,2.1,304.6
Hyundai,Kona Electric 64kWh (v2025),50.1,216.4,155.4,AWD,1797.4,168.6,10.0,1.7,207.2
Kia,EV6 GT-Line (v2025),65.3,201.5,159.8,AWD,2131.8,192.2,10.0,4.0,296.6
Audi,Q8 50 e-tron (v2022),71.5,197.4,158.1,FWD,2046.4,206.1,9.3,4.0,328.6
BYD,Seal RWD (v2024),107.2,237.4,180.7,AWD,2708.6,326.9,7.9,3.8,442.1
Hyundai,Ioniq 6 Standard (v2024),83.3,205.3,196.8,AWD,2101.3,373.3,7.4,6.0,361.3
Chevrolet,Equinox EV (v2024),82.4,209.9,171.5,AWD,2330.2,297.4,8.5,3.1,366.1
Audi,Q8 50 e-tron (v2022),75.5,220.6,183.0,AWD,2262.8,314.1,8.5,3.0,319.8
Mercedes,EQE 350+ (v2022),70.8,204.0,163.5,FWD,2105.4,217.5,9.5,2.0,333.7
Rivian,R1S Dual Motor (v2023),87.3,239.1,229.5,AWD,2443.2,645.6,4.6,2.8,331.8
Volkswagen,ID. Buzz Pro (v2022),61.2,215.5,157.3,AWD,1894.4,170.9,10.2,5.7,262.0
Toyota,bZ4X AWD (v2023),53.6,187.3,158.8,FWD,1690.8,216.7,9.1,1.7,271.8
MG,Cyberster RWD (v2023),56.9,195.4,152.6,AWD,1764.3,211.3,9.8,1.9,275.1
Chevrolet,Silverado EV WT (v2022),94.0,221.7,183.0,FWD,2488.6,317.1,8.1,3.2,400.3
Nissan,Ariya 63kWh (v2021),66.0,170.5,171.3,RWD,1808.2,264.9,8.8,2.4,378.6
Chevrolet,Bolt EV (v2025),54.0,203.1,169.1,AWD,2052.6,235.4,9.6,3.5,247.9
Volkswagen,ID.5 Pro (v2021),97.5,218.4,166.1,AWD,2533.5,225.1,9.4,3.2,398.7
Polestar,Polestar 3 Long Range (v2024),77.1,221.3,185.1,RWD,2183.2,314.3,7.9,2.1,336.2
BYD,Seal RWD (v2022),72.0,220.2,183.6,FWD,1976.5,295.5,8.9,2.0,314.1
Jaguar,I-Pace EV400 (v2021),88.2,222.6,184.4,AWD,2377.3,346.5,8.1,3.3,368.5
Kia,EV6 GT (v2024),74.7,202.0,168.5,RWD,2140.4,288.8,8.6,3.2,356.5
Tesla,Cybertruck Dual (v2021),84.2,245.8,245.3,AWD,2387.5,725.0,3.5,2.8,324.4
Nissan,Ariya 87kWh (v2022),47.9,197.7,155.5,FWD,1890.0,198.2,9.6,2.6,231.5
Volvo,EX30 Single Motor (v2022),91.7,209.2,168.2,FWD,2427.5,267.9,8.7,7.4,402.9
Mercedes,EQE SUV 350 (v2025),71.6,205.9,172.1,FWD,2014.7,267.3,8.8,4.7,310.8
Toyota,bZ3 (v2024),68.9,188.9,153.5,FWD,1968.1,170.2,9.4,3.2,323.3
BMW,i7 xDrive60 (v2025),65.9,192.5,150.0,FWD,1933.6,147.5,9.7,2.1,327.0
Mercedes,EQS 580 (v2025),68.3,204.7,160.9,FWD,1964.6,201.6,9.7,2.5,326.0
Jaguar,I-Pace Black (v2022),96.8,215.2,208.0,RWD,2296.3,414.7,6.6,5.3,430.6
Toyota,bZ4X AWD (v2022),56.8,187.4,171.2,RWD,1818.2,251.4,9.1,4.1,269.7
BYD,Song Plus EV (v2024),102.7,229.6,192.0,AWD,2564.8,334.5,8.1,3.0,404.3
Rivian,R1T Dual Motor (v2022),106.9,233.8,191.0,AWD,2752.3,393.9,7.3,3.9,440.4
Kia,EV6 Light (v2024),46.4,178.9,161.8,FWD,1673.5,179.8,10.0,2.0,240.5
MG,MG4 EV XPOWER (v2025),37.5,182.2,153.2,RWD,1451.0,83.3,10.8,2.4,182.0
Jaguar,I-Pace Black (v2024),71.6,211.7,168.0,AWD,1973.9,224.0,9.3,3.8,326.3
Kia,EV9 GT-Line (v2025),109.7,237.6,192.3,RWD,2618.6,396.6,7.6,3.8,450.4
Volvo,XC40 Recharge (v2025),61.7,194.5,165.8,RWD,1976.9,201.0,10.1,3.3,301.1
Tesla,Cybertruck Dual (v2022),125.6,256.6,246.4,AWD,2587.6,730.1,3.8,4.0,451.8
Nissan,Leaf 40kWh (v2025),42.0,177.8,147.6,FWD,1727.7,101.1,10.8,2.2,220.0
Audi,Q8 55 e-tron (v2023),94.3,235.8,169.3,AWD,2472.6,344.1,7.9,3.3,391.4
Polestar,Polestar 2 Performance (v2025),58.7,191.6,153.4,FWD,2004.1,171.1,10.3,4.4,287.7
Ford,F-150 Lightning Extended (v2022),81.5,198.1,176.0,FWD,2072.7,254.4,9.0,2.5,400.0
Mercedes,EQA 250 (v2025),58.0,211.0,157.2,AWD,2077.3,163.2,10.2,1.9,243.4
MG,ZS EV Standard (v2022),37.0,181.5,145.9,FWD,1714.3,101.5,10.9,2.4,189.3
Porsche,Taycan Cross Turismo (v2021),104.4,217.6,197.3,RWD,2313.6,457.6,6.2,3.1,463.4
Volvo,EX90 Twin Motor (v2021),53.1,184.4,169.7,FWD,1631.6,231.5,9.3,1.9,261.2
Hyundai,Kona Electric 64kWh (v2025),106.8,235.3,191.8,AWD,2494.2,411.6,7.5,5.3,405.0
Mercedes,EQB 300 (v2025),96.6,226.0,170.8,AWD,2423.5,263.0,8.7,2.3,398.9
Chevrolet,Silverado EV WT (v2022),100.3,231.1,201.7,AWD,2603.8,426.0,7.0,6.0,396.3
Ford,E-Transit (v2024),96.8,220.8,161.4,FWD,2229.9,238.5,8.7,4.7,388.4
Mercedes,EQB 300 (v2025),86.1,220.5,187.6,FWD,2380.9,317.3,8.3,2.3,373.7
Volkswagen,ID. Buzz Pro (v2021),86.1,204.9,155.8,FWD,2207.3,201.3,9.7,3.4,396.3
Tesla,Model S Plaid (v2021),68.0,201.3,191.3,RWD,1905.4,370.3,8.1,2.2,308.4
Toyota,bZ4X AWD (v2023),48.8,191.6,150.7,AWD,1695.9,134.9,10.2,2.1,225.7
Lucid,Air Grand Touring (v2024),108.5,266.7,247.7,AWD,2812.5,762.5,3.0,9.1,367.2
Rivian,R1T Dual Motor (v2023),75.1,226.7,194.8,AWD,2330.0,457.9,7.2,4.3,301.0
Jaguar,I-Pace HSE (v2023),61.9,193.2,161.0,FWD,1849.8,202.1,9.6,3.5,296.7
Honda,Prologue Touring (v2022),52.7,189.9,157.6,FWD,1936.7,146.1,10.1,1.6,258.1
Jaguar,I-Pace EV400 (v2024),79.6,209.9,171.4,FWD,2311.7,276.4,8.8,7.9,365.7
Lucid,Air Pure (v2024),88.7,239.2,201.1,AWD,2534.6,457.0,6.5,4.8,345.7
Ford,E-Transit (v2024),105.9,226.0,181.3,AWD,2588.2,297.7,8.6,5.7,427.5
Ford,Mustang Mach-E ER (v2023),60.0,198.3,151.0,AWD,2106.1,162.7,9.7,2.3,281.1
Jaguar,I-Pace EV400 (v2021),89.0,221.9,169.9,AWD,2374.4,278.6,8.9,5.6,357.2
Volvo,EX90 Twin Motor (v2024),93.4,211.5,182.1,RWD,2335.5,288.3,8.3,4.0,413.6
BMW,i4 eDrive35 (v2025),76.9,223.1,171.9,AWD,1971.5,219.5,9.7,2.5,322.2
Chevrolet,Bolt EUV (v2025),50.5,202.2,150.5,AWD,1732.9,180.8,9.6,2.0,225.0
Mercedes,EQG 580 (v2024),81.9,220.5,178.0,FWD,2354.5,282.3,9.0,4.2,344.9
Honda,Prologue EX (v2025),36.2,182.5,158.0,FWD,1766.2,153.6,10.3,2.3,175.3
Jaguar,I-Pace HSE (v2021),50.1,222.7,157.9,AWD,2011.7,193.2,10.1,3.3,210.5
Ford,Mustang Mach-E ER (v2022),82.4,231.5,164.3,AWD,2439.5,192.2,9.7,3.9,332.2
Ford,Mustang Mach-E SR (v2023),65.8,193.2,155.7,RWD,1902.0,164.8,10.5,2.4,305.5
Jaguar,I-Pace Black (v2024),107.7,218.5,182.1,RWD,2560.3,278.7,8.9,5.6,454.7
Jaguar,I-Pace Black (v2025),95.2,216.3,184.9,RWD,2276.7,373.5,7.0,9.6,421.4
Audi,Q6 e-tron (v2024),85.6,206.9,161.6,FWD,2266.3,242.5,9.1,3.2,366.1
Audi,Q8 50 e-tron (v2025),77.4,212.5,159.4,FWD,2173.4,191.5,9.9,7.1,329.6
MG,MG4 EV XPOWER (v2025),55.0,184.7,148.6,FWD,2023.2,123.7,10.4,3.7,281.3
BYD,Han EV (v2022),98.9,212.9,177.4,FWD,2337.3,275.0,8.7,10.1,443.8
Jaguar,I-Pace Black (v2022),72.2,195.8,164.9,FWD,2020.5,176.1,10.0,3.4,335.8
Lucid,Air Grand Touring (v2024),117.3,266.5,263.3,AWD,2760.6,806.0,2.7,3.2,421.1
Volvo,EX30 Single Motor (v2021),97.7,210.0,166.0,RWD,2486.9,249.5,9.0,2.8,447.7
Audi,Q4 Sportback (v2023),73.0,212.3,156.3,AWD,2113.6,167.8,10.4,2.5,331.2
BYD,Seal AWD (v2025),55.3,180.5,151.1,RWD,1979.3,127.4,10.7,1.8,299.7
Toyota,bZ4X FWD (v2022),78.9,220.7,173.5,FWD,2141.5,283.3,8.9,5.9,337.4
Jaguar,I-Pace EV400 (v2021),83.8,207.6,163.3,AWD,2332.9,192.1,9.6,2.3,388.1
BYD,Seal RWD (v2022),51.1,181.2,148.3,FWD,1814.7,155.2,10.3,1.5,268.0
Tesla,Model X LR (v2023),114.5,239.6,198.8,AWD,2805.4,455.4,6.5,10.7,447.9
Rivian,R1S Quad Motor (v2024),105.8,247.7,223.3,AWD,2646.6,580.6,5.1,3.3,406.3
Mercedes,EQC 400 (v2023),93.4,217.5,200.0,RWD,2226.7,407.1,7.8,2.6,418.9
Lucid,Air Sapphire (v2021),121.3,252.3,257.8,AWD,2621.8,832.5,2.4,3.1,462.7
BMW,iX M60 (v2023),59.4,200.2,165.1,RWD,1863.0,236.6,9.4,4.5,280.8
Chevrolet,Bolt EUV (v2024),80.4,218.3,176.6,FWD,2350.2,334.6,7.8,2.7,335.3
Mercedes,EQE 500 (v2023),89.4,195.1,174.0,FWD,2185.4,215.2,9.4,3.4,407.6
Hyundai,Ioniq EV (v2023),66.1,197.8,170.2,FWD,1935.9,242.1,9.0,2.1,317.9
Honda,Prologue Touring (v2022),56.0,201.7,172.6,AWD,2086.8,228.7,8.9,3.3,263.7
Nissan,Leaf 40kWh (v2025),39.8,190.2,159.0,AWD,1700.9,159.9,9.5,1.7,185.4
Tesla,Model S Dual (v2023),74.3,225.6,216.9,RWD,2067.1,519.3,6.0,1.9,313.3
Rivian,R1S Dual Motor (v2021),92.1,216.1,200.2,AWD,2440.7,471.6,6.6,2.4,388.0
Honda,Prologue EX (v2024),63.9,190.4,166.8,FWD,1847.4,259.7,8.9,3.6,318.4
Lucid,Air Sapphire (v2024),133.2,240.4,227.8,RWD,2725.0,659.5,4.0,7.8,516.4
Volkswagen,ID.7 Pro (v2023),50.3,178.2,161.5,FWD,1758.1,190.6,10.2,1.6,254.4
Volkswagen,ID.4 GTX (v2021),61.4,186.8,168.9,RWD,2078.4,243.2,9.3,2.6,292.3
Mercedes,EQS 580 (v2021),87.3,211.0,183.9,FWD,2345.7,274.6,8.9,2.3,400.2
Lucid,Air Grand Touring (v2022),91.1,251.9,251.3,AWD,2435.9,784.7,3.0,2.7,340.4
Audi,e-tron S (v2024),56.4,186.3,149.6,FWD,1950.0,150.0,10.0,1.8,271.5
Tesla,Model X Plaid (v2025),123.8,249.0,236.1,AWD,2730.2,728.9,3.4,6.5,478.4
Nissan,Townstar EV (v2022),50.4,198.0,151.6,AWD,1767.5,135.8,10.1,2.2,244.8
Kia,EV6 GT-Line (v2021),98.9,224.0,191.2,RWD,2536.2,377.8,7.4,4.4,398.9
Mercedes,EQE SUV 350 (v2024),57.1,198.3,151.1,RWD,2049.7,138.1,10.4,1.9,257.6
Honda,Prologue EX (v2022),44.3,196.6,142.7,AWD,1609.6,110.0,10.6,1.6,202.6
Audi,Q4 50 e-tron (v2025),73.5,218.3,172.5,AWD,2187.7,225.5,9.3,2.5,298.7
Chevrolet,Bolt EV (v2025),77.8,211.4,179.5,FWD,1935.8,286.6,8.2,2.1,343.5
Honda,e:Ny1 (v2023),46.0,195.1,158.7,FWD,1755.6,136.3,11.0,1.6,208.3
Jaguar,I-Pace EV400 (v2022),96.5,213.4,191.4,FWD,2410.1,365.5,7.4,3.6,401.0
Polestar,Polestar 4 Dual (v2021),63.5,210.4,153.9,AWD,1925.8,183.9,10.0,3.3,282.3
Nissan,Ariya 87kWh (v2024),74.6,201.3,173.2,AWD,2031.2,229.6,8.8,2.7,347.2
Hyundai,Kona Electric 39kWh (v2023),68.1,197.2,175.7,RWD,1881.6,277.5,8.6,2.4,316.6
Nissan,Leaf 40kWh (v2023),66.8,197.0,157.2,FWD,2031.7,156.7,10.0,5.5,319.2
Volkswagen,ID.4 GTX (v2023),67.7,214.0,160.4,AWD,1975.8,170.2,10.1,3.3,303.0
BYD,Atto 3 (v2025),62.8,203.2,177.8,RWD,2116.7,248.9,9.4,1.8,281.2
Honda,e:Ny1 (v2022),62.9,219.3,182.8,AWD,2124.6,269.6,8.8,2.5,255.2
Tesla,Model S Plaid (v2025),134.1,234.2,220.6,RWD,3019.4,564.5,5.3,12.7,531.1
Kia,Soul EV (v2023),102.2,220.8,174.6,AWD,2649.5,248.6,9.0,9.3,407.8
Volkswagen,ID.4 GTX (v2024),108.9,229.9,165.8,FWD,2584.8,332.9,7.6,3.4,426.2
Ford,Mustang Mach-E SR (v2022),99.0,219.4,186.7,AWD,2390.7,372.2,7.9,3.2,402.0
Porsche,Macan EV Turbo (v2024),81.3,232.2,214.6,AWD,2411.0,510.2,6.0,5.2,322.9
Tesla,Model S Dual (v2023),118.0,268.2,238.6,AWD,2841.4,656.7,4.5,5.6,401.5
Mercedes,EQA 250 (v2021),54.2,195.2,158.9,RWD,1769.3,159.3,10.1,1.5,248.3
Jaguar,I-Pace HSE (v2022),51.0,197.9,160.8,FWD,1835.8,153.0,10.7,3.8,231.4
Ford,F-150 Lightning Extended (v2022),72.4,194.2,157.8,RWD,2069.5,167.1,10.0,2.6,333.0
Lucid,Air Sapphire (v2024),96.0,233.8,206.9,AWD,2305.3,525.8,5.8,2.3,395.6
Audi,Q4 Sportback (v2025),67.3,219.4,173.5,AWD,2159.4,244.7,9.4,4.1,282.8
Volkswagen,ID. Buzz Pro (v2021),103.8,199.7,169.7,FWD,2255.2,235.4,9.1,3.6,485.4
Volkswagen,ID.7 Pro (v2025),69.2,197.9,177.8,AWD,2050.7,221.9,9.3,2.3,340.5
Rivian,R1T Performance (v2024),51.5,196.2,181.0,RWD,1929.7,247.0,9.0,1.9,231.8
BMW,iX M60 (v2022),80.4,211.9,159.8,AWD,2119.4,233.7,9.2,6.9,368.0
Audi,Q6 e-tron (v2024),90.6,237.6,188.6,AWD,2565.6,344.2,8.1,4.8,347.0
Kia,EV6 GT-Line (v2022),64.5,200.8,161.8,RWD,2066.8,188.3,9.6,4.0,310.1
BYD,Han EV (v2024),65.0,210.3,165.9,FWD,2121.5,230.6,8.8,3.3,302.2
Honda,e:Ny1 (v2022),53.0,193.7,170.5,AWD,1764.0,233.6,9.5,1.6,245.4
Honda,e:Ny1 (v2024),56.9,191.6,168.1,AWD,1795.5,255.9,8.9,1.7,272.6
Porsche,Macan EV Turbo (v2025),74.7,209.9,207.6,AWD,1990.0,480.7,6.1,3.8,347.5
Ford,F-150 Lightning Extended (v2025),45.7,199.6,156.4,AWD,1881.4,201.7,9.9,2.3,213.5
Lucid,Air Touring (v2021),132.7,267.1,242.2,AWD,3082.1,681.0,3.9,5.4,473.7
Porsche,Taycan 4S (v2021),125.2,254.8,275.0,AWD,2853.8,880.0,2.1,4.9,465.8
MG,MG5 EV (v2025),44.5,182.7,154.6,FWD,1885.5,129.2,10.7,2.3,226.7
Chevrolet,Blazer EV RS (v2024),53.4,185.8,157.7,FWD,1942.2,177.0,9.8,3.6,260.3
Polestar,Polestar 2 Standard (v2021),61.5,220.6,172.0,AWD,1993.1,186.0,10.2,6.4,258.7
Rivian,R1S Quad Motor (v2024),71.7,237.1,217.8,AWD,2199.7,542.6,5.3,4.7,275.5
Lucid,Air Sapphire (v2021),102.3,263.1,239.7,AWD,2724.0,721.7,3.5,2.4,344.9
Polestar,Polestar 4 Dual (v2021),70.1,200.0,171.0,RWD,2038.3,259.4,8.9,3.6,324.6
Volvo,EX30 Single Motor (v2022),108.6,218.2,177.3,FWD,2541.0,286.9,8.4,4.1,443.1
Porsche,Taycan Cross Turismo (v2021),117.8,263.0,270.9,AWD,2749.7,880.0,2.1,3.9,433.0
Ford,Mustang Mach-E GT (v2021),101.1,228.5,176.9,AWD,2596.4,278.1,9.3,3.2,403.3
Porsche,Macan EV 4 (v2023),68.8,219.7,166.2,AWD,2156.1,228.6,9.2,2.4,277.1
Mercedes,EQG 580 (v2023),84.2,206.9,177.8,FWD,2399.4,291.4,8.8,3.8,369.8
Audi,e-tron S (v2025),103.5,232.8,202.4,FWD,2624.1,463.6,6.4,6.4,422.7
Lucid,Air Touring (v2021),97.6,223.5,210.4,AWD,2334.5,501.4,6.2,3.5,390.6
Jaguar,I-Pace Black (v2025),45.0,184.7,157.2,FWD,1553.4,178.4,9.9,2.9,233.9
Chevrolet,Blazer EV LT (v2022),77.3,218.8,184.0,AWD,2043.6,341.7,8.1,4.6,317.7
Mercedes,EQS 450+ (v2021),59.8,201.1,152.9,RWD,1971.1,158.4,9.9,3.3,273.5
Nissan,Townstar EV (v2025),70.4,199.0,175.7,FWD,1858.9,289.1,8.6,2.9,312.3
Ford,Mustang Mach-E ER (v2024),46.2,196.4,144.2,AWD,1905.6,142.5,10.3,3.6,209.4
Porsche,Macan EV 4 (v2024),88.7,232.3,217.5,AWD,2497.7,512.0,6.2,6.7,354.4
BYD,Dolphin Standard (v2022),57.4,192.8,171.2,FWD,1860.5,248.4,9.0,4.4,274.3
BYD,Seal RWD (v2023),74.3,210.5,170.0,AWD,2194.9,245.2,9.5,2.7,329.0
Hyundai,Ioniq 5 Long Range (v2025),88.3,207.1,178.0,FWD,2299.5,322.7,8.2,3.1,408.8
BYD,Tang EV (v2021),57.2,186.8,165.0,FWD,1929.8,188.4,9.5,1.8,285.9
Chevrolet,Blazer EV LT (v2025),68.7,216.5,178.0,RWD,2013.6,299.0,8.6,1.9,298.2
Jaguar,I-Pace Black (v2021),73.5,207.7,168.7,RWD,2031.9,223.5,10.1,2.6,322.8
Polestar,Polestar 4 Dual (v2022),85.7,235.1,184.2,AWD,2435.6,364.0,7.7,3.0,330.2
Ford,F-150 Lightning Extended (v2022),95.9,219.6,184.5,RWD,2275.6,324.9,7.9,3.9,413.0
Tesla,Model Y Performance (v2024),105.3,232.1,196.2,AWD,2385.1,417.3,6.7,3.8,400.2
Porsche,Taycan Cross Turismo (v2025),77.3,223.8,183.6,AWD,2331.0,311.7,8.3,4.2,315.3
Volkswagen,ID.5 GTX (v2021),97.2,225.9,190.9,FWD,2357.0,397.2,7.1,2.7,378.6
MG,Cyberster RWD (v2021),60.1,175.1,163.8,FWD,1782.3,208.1,9.3,3.2,313.1
Audi,RS e-tron GT (v2023),106.6,230.9,185.1,RWD,2656.7,373.1,7.0,2.9,416.6
MG,MG5 EV (v2022),48.8,193.8,152.6,AWD,1750.4,159.2,9.7,3.1,232.9
BMW,iX M60 (v2021),48.1,192.3,159.6,AWD,1773.1,182.0,9.8,1.6,239.4
Tesla,Cybertruck Tri (v2021),77.2,228.6,239.1,AWD,2212.6,650.6,4.4,4.2,331.1
Honda,e (v2025),55.5,199.1,165.5,AWD,2013.3,227.0,9.7,2.0,257.9
Rivian,R1S Dual Motor (v2022),87.6,250.4,243.0,AWD,2195.8,713.0,4.1,2.4,338.7
Hyundai,Ioniq 5 N (v2025),102.3,236.5,191.3,FWD,2607.0,389.3,7.4,3.9,410.4
Audi,Q4 Sportback (v2023),98.4,225.3,195.5,AWD,2463.3,370.8,8.2,2.9,408.7
Tesla,Model S Dual (v2022),78.0,224.9,227.0,RWD,2244.1,551.5,4.9,1.9,338.0
Kia,EV6 GT (v2022),91.2,211.8,188.3,RWD,2213.1,379.7,7.7,3.0,420.7
Nissan,Townstar EV (v2025),47.4,204.8,172.4,AWD,1837.8,188.4,10.0,4.2,221.3
BYD,Seal AWD (v2021),94.6,246.9,190.6,AWD,2535.2,361.0,7.9,2.5,365.8
MG,ZS EV Long Range (v2021),55.8,184.4,157.0,FWD,1974.5,127.2,11.0,3.4,270.0
Ford,Mustang Mach-E SR (v2025),71.0,193.2,158.0,RWD,2196.4,167.9,10.4,2.7,336.4
Audi,e-tron 55 (v2025),104.6,243.3,184.6,AWD,2724.5,383.2,7.0,3.8,383.5
Tesla,Model 3 LR (v2024),84.0,220.7,198.3,AWD,2320.4,502.9,5.9,6.2,354.0
Chevrolet,Bolt EUV (v2021),58.1,194.1,155.0,FWD,1871.7,129.3,10.0,1.9,284.5
Audi,Q4 50 e-tron (v2022),49.9,187.5,147.7,FWD,1744.0,134.9,10.0,1.4,234.8
Tesla,Model X Plaid (v2022),119.9,251.0,242.7,RWD,2781.7,724.5,3.2,3.5,453.7
Porsche,Macan EV Turbo (v2024),131.9,271.1,259.9,AWD,2876.1,815.1,2.4,4.4,432.5
Honda,Prologue EX (v2021),55.0,203.8,175.5,FWD,1849.3,218.7,9.7,4.3,246.7
Volkswagen,ID.4 Pro (v2024),88.6,196.4,179.5,FWD,2213.7,289.2,8.5,3.7,401.1
Rivian,R1T Performance (v2023),69.7,204.2,199.8,RWD,1973.4,402.3,7.7,3.0,304.6
Porsche,Taycan Turbo S (v2023),110.8,250.7,224.8,AWD,2792.6,586.2,4.5,6.2,417.5
Toyota,bZ3 (v2023),85.2,201.8,160.4,RWD,2401.9,245.9,8.9,3.7,410.5
Kia,EV9 Light (v2024),90.8,219.0,171.5,FWD,2357.4,267.0,8.3,6.0,402.0
BMW,iX xDrive40 (v2024),86.5,206.1,164.3,FWD,2229.6,213.2,9.6,5.8,375.8
BYD,Atto 3 (v2023),50.0,175.2,162.5,FWD,1823.0,148.9,10.2,3.3,253.5
BMW,iX1 xDrive30 (v2022),48.5,182.6,169.8,RWD,1761.2,214.4,9.2,2.4,253.6
Polestar,Polestar 2 Standard (v2021),103.5,232.7,201.1,AWD,2568.7,397.8,7.8,3.8,420.5
Volkswagen,ID.4 GTX (v2022),56.4,193.9,166.8,RWD,1923.7,249.6,8.8,2.6,256.8
Jaguar,I-Pace HSE (v2024),93.7,219.7,170.6,FWD,2483.7,251.8,9.0,8.4,388.6
BMW,iX xDrive40 (v2021),91.9,214.0,166.3,AWD,2214.9,242.3,8.7,3.4,381.9
Polestar,Polestar 2 Performance (v2024),103.5,203.5,185.7,RWD,2263.1,350.7,8.1,3.5,484.0
BYD,Han EV (v2024),60.5,208.7,171.1,FWD,1904.2,214.4,9.9,2.5,283.9
Audi,Q6 e-tron (v2021),59.7,192.7,161.1,RWD,1976.4,135.5,10.3,3.3,303.0
Toyota,bZ3 (v2025),106.7,236.3,204.7,RWD,2364.0,448.0,7.3,3.6,434.3
Toyota,bZ4X FWD (v2022),52.3,206.1,171.7,FWD,1862.7,233.6,9.7,2.1,248.3
Ford,F-150 Lightning Extended (v2021),82.6,203.6,184.0,FWD,2299.2,283.0,8.8,4.2,367.8
BYD,Seal RWD (v2025),82.0,218.8,171.3,RWD,2090.5,239.2,9.0,2.1,334.8
BYD,Seal AWD (v2022),64.8,183.1,158.4,FWD,1774.6,202.0,9.7,3.4,319.3
Rivian,R1S Dual Motor (v2023),61.8,226.6,206.7,AWD,1863.7,509.0,6.0,4.2,258.3
Mercedes,EQS 580 (v2021),60.7,206.1,166.8,AWD,2125.6,178.6,9.9,6.7,274.3
Ford,F-150 Lightning Extended (v2024),95.1,197.9,182.4,FWD,2352.8,319.9,8.3,2.9,425.8
Volkswagen,ID. Buzz Pro (v2023),45.8,179.7,155.0,RWD,1566.6,174.3,10.1,1.9,243.5
BYD,Atto 3 (v2023),48.7,185.5,148.1,FWD,1757.1,142.6,10.1,5.2,249.0
Lucid,Air Sapphire (v2024),92.8,227.8,229.3,RWD,2450.7,603.4,5.2,3.0,359.6
Chevrolet,Equinox EV (v2023),51.4,187.5,152.1,RWD,1676.1,134.9,10.0,1.6,241.9
Volkswagen,ID.3 Pro (v2025),45.8,192.4,152.1,FWD,1917.2,165.1,10.6,2.9,226.0
Volvo,XC40 Recharge (v2024),58.5,190.0,171.6,RWD,1688.2,225.9,9.3,4.2,280.0
Mercedes,EQE SUV 350 (v2021),83.0,206.8,172.8,RWD,2296.8,254.8,8.8,4.5,366.7
Toyota,bZ4X AWD (v2024),53.4,196.6,160.9,RWD,1690.9,176.5,9.9,3.5,258.1
Nissan,Ariya e-4ORCE (v2022),69.6,183.8,175.4,FWD,2030.4,266.0,8.9,3.6,370.1
Jaguar,I-Pace Black (v2023),88.4,224.4,187.9,AWD,2185.6,379.9,7.8,8.2,382.8
Porsche,Macan EV 4 (v2025),110.5,234.6,217.5,AWD,2651.1,533.6,5.7,7.3,443.7
Audi,e-tron 55 (v2021),50.3,206.1,152.2,AWD,1993.3,178.0,9.7,1.5,229.1
Hyundai,Ioniq 5 Long Range (v2023),91.6,229.8,158.9,AWD,2328.1,218.3,9.7,4.2,359.7
Chevrolet,Equinox EV (v2025),63.0,207.9,178.2,AWD,1963.6,260.3,9.3,2.4,272.4
Honda,Prologue Touring (v2025),58.9,196.3,160.9,FWD,1836.2,191.0,9.9,2.5,268.6
Audi,e-tron 55 (v2024),75.1,202.2,161.6,RWD,2190.0,234.1,9.2,5.4,361.4
Porsche,Taycan Cross Turismo (v2023),138.8,271.8,268.5,AWD,2917.9,880.0,2.1,4.0,457.0
Lucid,Air Grand Touring (v2023),78.9,207.3,220.5,RWD,2207.7,551.6,5.7,4.5,366.7
Volvo,EX30 Twin Motor (v2024),102.8,217.6,157.3,FWD,2519.2,232.7,8.9,8.1,428.1
MG,MG5 EV (v2022),72.0,199.3,181.5,FWD,2099.3,302.2,8.1,3.0,342.9
Ford,Mustang Mach-E SR (v2025),50.3,186.3,161.7,FWD,1706.4,161.1,10.2,2.3,238.1
Jaguar,I-Pace EV400 (v2024),86.7,193.8,188.0,RWD,2182.8,317.6,8.5,2.1,422.3
BMW,iX xDrive50 (v2023),48.2,168.3,146.5,FWD,1628.1,148.2,10.3,1.8,266.0
Volkswagen,ID.4 GTX (v2025),57.9,193.3,162.0,FWD,1807.6,233.2,9.1,2.0,281.7
Honda,e:Ny1 (v2025),38.8,185.5,151.9,FWD,1814.7,102.1,10.6,1.1,184.1
Porsche,Taycan 4S (v2024),135.4,272.2,253.0,AWD,3073.5,740.9,3.0,10.5,472.6
Honda,Prologue Touring (v2023),60.6,223.3,158.1,AWD,2152.0,207.2,9.6,3.5,239.9
BMW,i5 eDrive40 (v2023),109.9,227.4,196.5,AWD,2563.3,383.4,7.5,4.7,445.8
Kia,EV6 Light (v2023),45.5,197.7,160.5,AWD,1985.8,173.7,10.0,3.2,223.0
Volvo,C40 Recharge (v2021),89.1,210.1,187.8,FWD,2149.2,332.7,8.2,4.1,389.9
Ford,Mustang Mach-E SR (v2023),75.9,191.0,189.7,FWD,2026.5,337.9,7.7,4.7,369.0
BYD,Tang EV (v2023),78.1,200.4,170.3,RWD,2207.8,254.5,9.0,2.4,346.5
Porsche,Taycan Cross Turismo (v2021),96.7,229.4,204.3,RWD,2512.5,461.2,7.0,3.2,389.5
Tesla,Model 3 SR (v2025),128.0,269.0,273.8,AWD,2806.4,880.0,2.1,3.9,461.3
BMW,iX xDrive40 (v2022),68.0,197.5,183.0,FWD,1953.5,278.3,8.9,4.2,332.6
Rivian,R1S Dual Motor (v2023),81.6,226.5,196.2,AWD,2254.4,399.3,6.8,3.2,336.2
BMW,i5 eDrive40 (v2021),93.7,208.1,164.1,FWD,2255.4,251.8,9.3,2.6,430.4
Porsche,Taycan Turbo (v2024),110.9,235.9,231.8,RWD,2543.9,630.6,4.8,6.5,452.5
BYD,Song Plus EV (v2021),85.7,215.5,166.1,RWD,2264.8,270.4,9.6,3.8,364.9
Honda,Prologue EX (v2024),43.2,182.7,134.1,RWD,1568.0,138.1,10.6,2.1,230.8
MG,MG4 EV Standard (v2021),71.5,200.4,177.2,FWD,1873.7,272.5,8.1,2.2,334.0
Chevrolet,Bolt EV (v2021),55.6,200.0,168.8,AWD,1856.5,221.6,9.2,2.2,258.2
BMW,i4 eDrive40 (v2021),62.0,200.1,149.3,AWD,2068.3,176.4,9.7,2.6,277.9
BMW,i4 M50 (v2024),53.5,186.8,162.3,RWD,1671.7,197.5,9.8,2.7,270.1
Audi,e-tron 55 (v2021),48.8,186.1,146.6,FWD,1669.8,109.5,10.5,2.5,245.2
Lucid,Air Pure (v2022),131.9,253.4,209.6,AWD,2955.5,500.1,6.4,3.1,471.1
BMW,i5 eDrive40 (v2023),105.6,227.4,177.4,AWD,2401.9,255.8,9.3,3.0,433.6
Honda,e (v2022),66.0,195.4,168.4,AWD,1889.6,270.4,8.9,2.7,317.3
Hyundai,Kona Electric 64kWh (v2024),61.8,198.3,151.8,FWD,2094.6,177.2,10.0,3.9,278.5
Kia,Niro EV (v2022),81.6,227.0,175.3,AWD,2360.8,272.3,8.9,5.0,351.8
BYD,Dolphin Standard (v2022),98.4,211.2,186.6,FWD,2416.2,333.9,8.4,2.6,410.8
Ford,Mustang Mach-E ER (v2023),53.4,195.9,162.1,RWD,1777.7,160.7,10.3,2.0,256.8
Tesla,Model Y Performance (v2024),107.6,236.2,221.8,RWD,2676.0,546.5,5.8,7.1,401.1
Lucid,Air Grand Touring (v2021),67.2,224.1,216.1,AWD,2106.4,516.6,5.9,4.3,284.1
Nissan,Leaf e+ (v2023),58.7,198.3,171.6,FWD,1840.0,226.8,9.2,1.8,286.3
Jaguar,I-Pace EV400 (v2024),65.4,193.4,151.4,RWD,1983.0,159.7,10.3,3.0,307.1
Ford,Mustang Mach-E ER (v2021),54.4,194.2,145.3,FWD,1732.6,151.8,10.1,1.5,270.4
Kia,EV6 GT (v2025),104.7,227.0,188.1,FWD,2338.2,407.7,6.8,9.0,412.3
Ford,Mustang Mach-E SR (v2021),52.3,183.8,152.5,FWD,1890.0,136.5,10.4,4.5,267.8
Kia,EV6 Wind (v2022),47.0,203.2,152.5,AWD,1984.7,121.8,10.6,2.0,225.1
MG,MG4 EV Long Range (v2024),41.4,184.1,149.4,FWD,1470.9,118.3,10.9,1.4,212.1
Jaguar,I-Pace HSE (v2024),50.1,205.1,146.5,AWD,1962.7,132.4,10.0,2.1,239.3
MG,MG4 EV Long Range (v2021),57.4,178.6,158.3,FWD,1907.4,167.8,9.8,1.6,292.5
Kia,EV6 GT (v2022),104.8,214.5,162.1,RWD,2454.7,245.8,9.2,2.7,445.9
BYD,Seal RWD (v2024),58.4,209.4,172.6,RWD,1923.4,218.9,9.2,3.2,245.6
Volkswagen,ID.7 Pro (v2024),107.6,262.0,197.6,AWD,2747.3,384.9,7.5,8.3,402.2
Porsche,Taycan 4S (v2023),113.6,236.0,248.6,AWD,2532.5,768.0,3.4,6.4,442.8
Lucid,Air Pure (v2023),85.2,217.0,214.8,RWD,2352.8,563.9,4.9,2.9,360.4
BYD,Dolphin Standard (v2024),53.9,203.7,142.9,FWD,2017.9,120.7,10.0,2.0,255.6
Kia,EV6 Light (v2025),98.9,238.3,202.6,AWD,2298.0,445.0,6.7,7.7,386.7
Polestar,Polestar 2 Standard (v2022),96.7,218.0,199.9,FWD,2434.4,428.1,7.2,9.9,393.9
Honda,Prologue EX (v2022),36.8,178.1,138.4,RWD,1664.2,88.3,11.0,3.0,195.1
Volvo,XC40 Recharge (v2024),102.2,212.0,183.9,RWD,2394.9,353.3,7.2,4.4,430.7
MG,MG4 EV Long Range (v2023),35.7,185.6,136.9,FWD,1712.3,94.2,10.5,3.7,170.1
Audi,e-tron 55 (v2022),69.5,191.3,151.2,FWD,1950.2,154.3,10.4,1.7,337.5
Rivian,R1S Quad Motor (v2025),52.9,205.3,171.2,AWD,2047.4,226.6,9.6,1.9,251.9
Toyota,bZ4X AWD (v2022),103.0,219.5,176.3,RWD,2373.0,279.3,9.7,4.5,418.1
Nissan,Townstar EV (v2022),55.8,176.6,156.9,FWD,1749.7,139.6,10.4,3.2,283.7
BYD,Seal RWD (v2025),49.6,196.9,167.2,FWD,1717.6,168.9,10.2,3.2,235.5
Ford,Mustang Mach-E SR (v2022),66.3,204.8,163.2,RWD,1981.1,198.6,9.9,2.9,303.2
Ford,Mustang Mach-E GT (v2021),100.2,209.1,199.1,RWD,2206.4,420.7,7.6,3.3,441.6
Rivian,R1T Performance (v2022),93.0,212.6,217.5,AWD,2230.7,527.1,5.8,8.8,393.3
BYD,Seal AWD (v2024),102.9,219.3,167.3,AWD,2394.6,294.8,8.8,5.8,449.4
Ford,Mustang Mach-E GT (v2025),87.1,209.5,165.7,RWD,2216.8,282.6,9.4,5.2,376.4
Audi,Q4 Sportback (v2024),103.4,212.6,170.4,FWD,2259.0,237.8,8.7,3.3,444.5
Hyundai,Kona Electric 39kWh (v2022),56.1,211.6,173.9,AWD,1871.2,214.0,9.6,3.3,253.8
Kia,Niro EV (v2021),94.4,204.0,169.4,RWD,2186.7,245.6,9.5,3.5,432.3
Jaguar,I-Pace Black (v2022),58.1,211.7,168.0,FWD,1943.0,243.7,9.3,2.0,251.6
Polestar,Polestar 2 Long Range (v2022),83.1,206.3,167.6,FWD,2038.8,211.5,9.4,6.2,388.6
Chevrolet,Blazer EV LT (v2025),96.0,208.1,167.3,FWD,2225.3,219.2,9.2,4.8,433.5
Jaguar,I-Pace EV400 (v2025),55.5,230.6,177.4,AWD,2051.4,243.7,9.2,2.0,234.0
Mercedes,EQC 400 (v2024),95.8,213.4,167.9,RWD,2238.8,239.1,8.8,8.4,428.6
Mercedes,EQB 300 (v2024),47.9,181.4,152.7,RWD,1582.5,113.9,11.2,1.8,247.2
BMW,i7 xDrive60 (v2024),89.2,227.3,163.8,RWD,2450.6,267.9,8.7,8.4,363.7
BMW,i7 xDrive60 (v2021),67.6,200.7,165.3,AWD,1921.2,228.5,9.4,1.9,318.8
Toyota,bZ4X AWD (v2021),87.5,202.2,180.5,FWD,2160.1,314.7,7.8,3.1,383.5
Mercedes,EQE SUV 350 (v2022),76.9,201.5,153.3,FWD,2204.1,177.3,9.8,6.5,354.6
Mercedes,EQC 400 (v2021),74.8,201.6,162.4,RWD,1963.9,226.8,9.5,2.6,337.0
BYD,Dolphin Standard (v2022),53.0,200.3,144.0,AWD,1865.4,133.1,10.1,2.7,257.8
Jaguar,I-Pace HSE (v2023),101.8,231.7,192.9,RWD,2445.0,395.6,7.2,6.5,389.9
Nissan,Ariya 87kWh (v2025),63.2,207.7,168.9,RWD,1997.7,225.6,9.8,2.1,293.1
MG,Cyberster RWD (v2021),60.9,201.7,168.1,FWD,2098.6,229.1,9.3,2.0,269.4
Audi,RS e-tron GT (v2022),82.2,191.1,184.5,FWD,2097.5,329.1,8.2,2.5,379.5
Lucid,Air Touring (v2024),106.1,228.0,214.7,RWD,2495.9,578.0,5.7,9.0,419.3
Volkswagen,ID.7 Pro (v2024),57.7,217.5,161.7,AWD,1994.8,236.8,9.2,2.1,255.1
Kia,EV6 Wind (v2022),106.4,237.6,202.2,RWD,2589.6,437.6,6.3,2.6,424.4
Porsche,Taycan Cross Turismo (v2023),76.4,213.8,238.0,RWD,2299.6,658.3,4.6,3.0,334.5
Volkswagen,ID.5 GTX (v2021),63.8,227.0,177.9,AWD,2211.9,247.8,9.2,1.6,249.7
MG,MG4 EV Standard (v2023),69.2,187.3,151.4,RWD,2023.6,201.8,9.3,3.5,334.7
Jaguar,I-Pace Black (v2023),54.4,206.7,158.4,FWD,2018.4,184.8,9.8,3.2,236.2
Kia,Soul EV (v2022),73.6,208.0,159.8,FWD,1893.5,191.2,9.1,2.8,328.2
Tesla,Model X Plaid (v2025),67.4,210.6,173.4,AWD,1981.7,298.4,8.6,1.9,297.8
Polestar,Polestar 2 Standard (v2023),93.8,244.6,201.3,AWD,2353.9,375.6,7.4,2.6,366.6
Ford,Mustang Mach-E GT (v2021),57.1,206.8,169.3,AWD,1791.5,245.1,9.5,2.9,247.9
Nissan,Townstar EV (v2022),63.2,201.6,157.4,AWD,2150.3,197.1,9.8,2.4,279.0
Jaguar,I-Pace EV400 (v2021),76.6,226.8,181.1,AWD,2408.4,265.5,9.0,2.5,330.6
BMW,iX M60 (v2023),104.8,219.9,208.3,RWD,2354.6,466.5,6.7,4.4,423.3
Mercedes,EQE 350+ (v2021),87.0,238.5,164.7,FWD,2404.4,226.9,9.0,3.8,355.6
Volvo,EX30 Twin Motor (v2022),96.5,216.6,183.9,AWD,2286.3,331.9,8.0,2.9,400.7
Mercedes,EQE SUV 350 (v2022),58.0,197.7,156.6,RWD,2016.8,127.9,10.5,2.5,278.7
Audi,Q8 55 e-tron (v2025),77.9,204.2,187.2,FWD,2205.2,344.1,7.7,4.7,344.9
BYD,Seal RWD (v2021),81.9,198.2,161.6,FWD,2220.4,258.8,8.6,2.2,367.7
Nissan,Ariya e-4ORCE (v2022),39.0,165.8,144.4,FWD,1497.0,100.8,11.3,1.3,221.7
Lucid,Air Sapphire (v2025),106.9,224.1,217.2,RWD,2406.2,534.5,5.4,10.1,458.7
Jaguar,I-Pace EV400 (v2022),52.3,184.0,162.0,RWD,1683.3,145.3,10.2,3.9,263.0
